Creation Date;Order ID;Instrument ID;Side;Type;Quantity;Average Price;Stop/Limit Price;Status;Processed Date;Comment;ExternalId;Tag
1999/03/16 08:00:00.000;0;CAC 40;BUY;Market;1;4165.248414105605;0.0;Filled;1999/03/16 08:00:00.000;;-1;
1999/03/19 08:00:00.000;1;CAC 40;SELL;Market;1;4147.418575472097;0.0;Filled;1999/03/19 08:00:00.000;;-1;
1999/03/22 08:00:00.000;2;CAC 40;BUY;Market;1;4174.163333422359;0.0;Filled;1999/03/22 08:00:00.000;;-1;
1999/03/24 08:00:00.000;3;CAC 40;SELL;Market;1;4004.284593108658;0.0;Filled;1999/03/24 08:00:00.000;;-1;
1999/03/31 07:00:00.000;4;CAC 40;BUY;Market;1;4106.3163148737585;0.0;Filled;1999/03/31 07:00:00.000;;-1;
1999/04/19 07:00:00.000;5;CAC 40;SELL;Market;1;4250.319453898615;0.0;Filled;1999/04/19 07:00:00.000;;-1;
1999/04/20 07:00:00.000;6;CAC 40;BUY;Market;1;4275.557117439054;0.0;Filled;1999/04/20 07:00:00.000;;-1;
1999/04/21 07:00:00.000;7;CAC 40;SELL;Market;1;4244.876036272246;0.0;Filled;1999/04/21 07:00:00.000;;-1;
1999/04/28 07:00:00.000;8;CAC 40;BUY;Market;1;4358.692950278147;0.0;Filled;1999/04/28 07:00:00.000;;-1;
1999/05/10 07:00:00.000;9;CAC 40;SELL;Market;1;4259.974847537637;0.0;Filled;1999/05/10 07:00:00.000;;-1;
1999/05/14 07:00:00.000;10;CAC 40;BUY;Market;1;4379.134983133096;0.0;Filled;1999/05/14 07:00:00.000;;-1;
1999/05/17 07:00:00.000;11;CAC 40;SELL;Market;1;4236.142820418546;0.0;Filled;1999/05/17 07:00:00.000;;-1;
1999/05/21 07:00:00.000;12;CAC 40;BUY;Market;1;4359.274960533853;0.0;Filled;1999/05/21 07:00:00.000;;-1;
1999/05/31 07:00:00.000;13;CAC 40;SELL;Market;1;4282.813873526767;0.0;Filled;1999/05/31 07:00:00.000;;-1;
1999/06/08 07:00:00.000;14;CAC 40;BUY;Market;1;4400.698650078239;0.0;Filled;1999/06/08 07:00:00.000;;-1;
1999/06/28 07:00:00.000;15;CAC 40;SELL;Market;1;4415.684003029697;0.0;Filled;1999/06/28 07:00:00.000;;-1;
1999/07/01 07:00:00.000;16;CAC 40;BUY;Market;1;4578.054507006163;0.0;Filled;1999/07/01 07:00:00.000;;-1;
1999/07/14 07:00:00.000;17;CAC 40;SELL;Market;1;4597.04229037947;0.0;Filled;1999/07/14 07:00:00.000;;-1;
1999/08/13 07:00:00.000;18;CAC 40;BUY;Market;1;4369.645542131502;0.0;Filled;1999/08/13 07:00:00.000;;-1;
1999/09/17 07:00:00.000;19;CAC 40;SELL;Market;1;4655.450980131404;0.0;Filled;1999/09/17 07:00:00.000;;-1;
1999/10/06 07:00:00.000;20;CAC 40;BUY;Market;1;4609.96519157013;0.0;Filled;1999/10/06 07:00:00.000;;-1;
1999/10/14 07:00:00.000;21;CAC 40;SELL;Market;1;4557.285554840242;0.0;Filled;1999/10/14 07:00:00.000;;-1;
1999/10/25 07:00:00.000;22;CAC 40;BUY;Market;1;4689.978602074958;0.0;Filled;1999/10/25 07:00:00.000;;-1;
2000/01/06 08:00:00.000;23;CAC 40;SELL;Market;1;5424.614932778284;0.0;Filled;2000/01/06 08:00:00.000;;-1;
2000/01/17 08:00:00.000;24;CAC 40;BUY;Market;1;5727.187022960503;0.0;Filled;2000/01/17 08:00:00.000;;-1;
2000/01/24 08:00:00.000;25;CAC 40;SELL;Market;1;5618.7735704522165;0.0;Filled;2000/01/24 08:00:00.000;;-1;
2000/01/25 08:00:00.000;26;CAC 40;BUY;Market;1;5517.25915583082;0.0;Filled;2000/01/25 08:00:00.000;;-1;
2000/01/26 08:00:00.000;27;CAC 40;SELL;Market;1;5548.797614742322;0.0;Filled;2000/01/26 08:00:00.000;;-1;
2000/02/02 08:00:00.000;28;CAC 40;BUY;Market;1;5729.447810306042;0.0;Filled;2000/02/02 08:00:00.000;;-1;
2000/02/16 08:00:00.000;29;CAC 40;SELL;Market;1;6062.658104986733;0.0;Filled;2000/02/16 08:00:00.000;;-1;
2000/02/28 08:00:00.000;30;CAC 40;BUY;Market;1;6064.623947433227;0.0;Filled;2000/02/28 08:00:00.000;;-1;
2000/03/15 08:00:00.000;31;CAC 40;SELL;Market;1;6142.920643730721;0.0;Filled;2000/03/15 08:00:00.000;;-1;
2000/03/27 07:00:00.000;32;CAC 40;BUY;Market;1;6273.329014938413;0.0;Filled;2000/03/27 07:00:00.000;;-1;
2000/04/03 07:00:00.000;33;CAC 40;SELL;Market;1;6191.462675468634;0.0;Filled;2000/04/03 07:00:00.000;;-1;
2000/04/12 07:00:00.000;34;CAC 40;BUY;Market;1;6129.773264025565;0.0;Filled;2000/04/12 07:00:00.000;;-1;
2000/04/17 07:00:00.000;35;CAC 40;SELL;Market;1;5695.009792902985;0.0;Filled;2000/04/17 07:00:00.000;;-1;
2000/04/26 07:00:00.000;36;CAC 40;BUY;Market;1;6254.620882422252;0.0;Filled;2000/04/26 07:00:00.000;;-1;
2000/05/11 07:00:00.000;37;CAC 40;SELL;Market;1;6094.5221717723825;0.0;Filled;2000/05/11 07:00:00.000;;-1;
2000/05/17 07:00:00.000;38;CAC 40;BUY;Market;1;6413.740396065088;0.0;Filled;2000/05/17 07:00:00.000;;-1;
2000/05/22 07:00:00.000;39;CAC 40;SELL;Market;1;6061.229473533266;0.0;Filled;2000/05/22 07:00:00.000;;-1;
2000/05/31 07:00:00.000;40;CAC 40;BUY;Market;1;6284.120279565437;0.0;Filled;2000/05/31 07:00:00.000;;-1;
2000/06/14 07:00:00.000;41;CAC 40;SELL;Market;1;6472.349779358973;0.0;Filled;2000/06/14 07:00:00.000;;-1;
2000/06/15 07:00:00.000;42;CAC 40;BUY;Market;1;6480.192675183704;0.0;Filled;2000/06/15 07:00:00.000;;-1;
2000/06/16 07:00:00.000;43;CAC 40;SELL;Market;1;6435.096024191503;0.0;Filled;2000/06/16 07:00:00.000;;-1;
2000/06/21 07:00:00.000;44;CAC 40;BUY;Market;1;6458.624711665694;0.0;Filled;2000/06/21 07:00:00.000;;-1;
2000/06/22 07:00:00.000;45;CAC 40;SELL;Market;1;6408.136069793991;0.0;Filled;2000/06/22 07:00:00.000;;-1;
2000/06/27 07:00:00.000;46;CAC 40;BUY;Market;1;6497.839190789347;0.0;Filled;2000/06/27 07:00:00.000;;-1;
2000/06/30 07:00:00.000;47;CAC 40;SELL;Market;1;6267.496916186831;0.0;Filled;2000/06/30 07:00:00.000;;-1;
2000/07/12 07:00:00.000;48;CAC 40;BUY;Market;1;6375.051465450568;0.0;Filled;2000/07/12 07:00:00.000;;-1;
2000/07/20 07:00:00.000;49;CAC 40;SELL;Market;1;6370.162622302217;0.0;Filled;2000/07/20 07:00:00.000;;-1;
2000/08/03 07:00:00.000;50;CAC 40;BUY;Market;1;6352.710735293627;0.0;Filled;2000/08/03 07:00:00.000;;-1;
2000/08/04 07:00:00.000;51;CAC 40;SELL;Market;1;6260.148232248705;0.0;Filled;2000/08/04 07:00:00.000;;-1;
2000/08/08 07:00:00.000;52;CAC 40;BUY;Market;1;6381.9409994130765;0.0;Filled;2000/08/08 07:00:00.000;;-1;
2000/08/23 07:00:00.000;53;CAC 40;SELL;Market;1;6381.9409994130765;0.0;Filled;2000/08/23 07:00:00.000;;-1;
2000/08/30 07:00:00.000;54;CAC 40;BUY;Market;1;6449.17060688781;0.0;Filled;2000/08/30 07:00:00.000;;-1;
2000/09/12 07:00:00.000;55;CAC 40;SELL;Market;1;6484.235771722348;0.0;Filled;2000/09/12 07:00:00.000;;-1;
2000/10/04 07:00:00.000;56;CAC 40;BUY;Market;1;6231.181365674147;0.0;Filled;2000/10/04 07:00:00.000;;-1;
2000/10/09 07:00:00.000;57;CAC 40;SELL;Market;1;6072.257478550867;0.0;Filled;2000/10/09 07:00:00.000;;-1;
2000/10/23 07:00:00.000;58;CAC 40;BUY;Market;1;5991.333045230423;0.0;Filled;2000/10/23 07:00:00.000;;-1;
2000/11/10 08:00:00.000;59;CAC 40;SELL;Market;1;6117.163372519617;0.0;Filled;2000/11/10 08:00:00.000;;-1;
2000/12/12 08:00:00.000;60;CAC 40;BUY;Market;1;5906.8734751979755;0.0;Filled;2000/12/12 08:00:00.000;;-1;
2000/12/15 08:00:00.000;61;CAC 40;SELL;Market;1;5696.017340009968;0.0;Filled;2000/12/15 08:00:00.000;;-1;
2000/12/29 08:00:00.000;62;CAC 40;BUY;Market;1;5733.703425543466;0.0;Filled;2000/12/29 08:00:00.000;;-1;
2001/01/04 08:00:00.000;63;CAC 40;SELL;Market;1;5668.684529075733;0.0;Filled;2001/01/04 08:00:00.000;;-1;
2001/01/16 08:00:00.000;64;CAC 40;BUY;Market;1;5632.081298471675;0.0;Filled;2001/01/16 08:00:00.000;;-1;
2001/02/05 08:00:00.000;65;CAC 40;SELL;Market;1;5583.814590387222;0.0;Filled;2001/02/05 08:00:00.000;;-1;
2001/03/08 08:00:00.000;66;CAC 40;BUY;Market;1;5263.502062177573;0.0;Filled;2001/03/08 08:00:00.000;;-1;
2001/03/13 08:00:00.000;67;CAC 40;SELL;Market;1;4962.798810850625;0.0;Filled;2001/03/13 08:00:00.000;;-1;
2001/03/28 07:00:00.000;68;CAC 40;BUY;Market;1;5001.522123024683;0.0;Filled;2001/03/28 07:00:00.000;;-1;
2001/04/09 07:00:00.000;69;CAC 40;SELL;Market;1;4887.426727974739;0.0;Filled;2001/04/09 07:00:00.000;;-1;
2001/04/10 07:00:00.000;70;CAC 40;BUY;Market;1;4980.7927746300065;0.0;Filled;2001/04/10 07:00:00.000;;-1;
2001/05/10 07:00:00.000;71;CAC 40;SELL;Market;1;5263.481702337123;0.0;Filled;2001/05/10 07:00:00.000;;-1;
2001/05/11 07:00:00.000;72;CAC 40;BUY;Market;1;5324.262042053146;0.0;Filled;2001/05/11 07:00:00.000;;-1;
2001/05/30 07:00:00.000;73;CAC 40;SELL;Market;1;5318.040432475916;0.0;Filled;2001/05/30 07:00:00.000;;-1;
2001/07/03 07:00:00.000;74;CAC 40;BUY;Market;1;5077.997800653034;0.0;Filled;2001/07/03 07:00:00.000;;-1;
2001/07/06 07:00:00.000;75;CAC 40;SELL;Market;1;4886.73611324614;0.0;Filled;2001/07/06 07:00:00.000;;-1;
2001/07/31 07:00:00.000;76;CAC 40;BUY;Market;1;4811.187746720417;0.0;Filled;2001/07/31 07:00:00.000;;-1;
2001/08/10 07:00:00.000;77;CAC 40;SELL;Market;1;4693.551301121531;0.0;Filled;2001/08/10 07:00:00.000;;-1;
2001/08/28 07:00:00.000;78;CAC 40;BUY;Market;1;4669.261994540385;0.0;Filled;2001/08/28 07:00:00.000;;-1;
2001/08/29 07:00:00.000;79;CAC 40;SELL;Market;1;4567.342159082241;0.0;Filled;2001/08/29 07:00:00.000;;-1;
2001/08/30 07:00:00.000;80;CAC 40;BUY;Market;1;4586.392595616473;0.0;Filled;2001/08/30 07:00:00.000;;-1;
2001/08/31 07:00:00.000;81;CAC 40;SELL;Market;1;4464.037369814563;0.0;Filled;2001/08/31 07:00:00.000;;-1;
2001/09/27 07:00:00.000;82;CAC 40;BUY;Market;1;3750.0951958246537;0.0;Filled;2001/09/27 07:00:00.000;;-1;
2001/10/31 08:00:00.000;83;CAC 40;SELL;Market;1;4035.5711902035373;0.0;Filled;2001/10/31 08:00:00.000;;-1;
2001/11/06 08:00:00.000;84;CAC 40;BUY;Market;1;4267.267337816954;0.0;Filled;2001/11/06 08:00:00.000;;-1;
2001/11/27 08:00:00.000;85;CAC 40;SELL;Market;1;4331.4438675021365;0.0;Filled;2001/11/27 08:00:00.000;;-1;
2001/12/06 08:00:00.000;86;CAC 40;BUY;Market;1;4441.316876883234;0.0;Filled;2001/12/06 08:00:00.000;;-1;
2001/12/13 08:00:00.000;87;CAC 40;SELL;Market;1;4241.215141202604;0.0;Filled;2001/12/13 08:00:00.000;;-1;
2001/12/27 08:00:00.000;88;CAC 40;BUY;Market;1;4258.164935283788;0.0;Filled;2001/12/27 08:00:00.000;;-1;
2002/01/11 08:00:00.000;89;CAC 40;SELL;Market;1;4262.568636492419;0.0;Filled;2002/01/11 08:00:00.000;;-1;
2002/01/25 08:00:00.000;90;CAC 40;BUY;Market;1;4236.746268940146;0.0;Filled;2002/01/25 08:00:00.000;;-1;
2002/01/31 08:00:00.000;91;CAC 40;SELL;Market;1;4168.5943323046295;0.0;Filled;2002/01/31 08:00:00.000;;-1;
2002/02/15 08:00:00.000;92;CAC 40;BUY;Market;1;4131.123821452454;0.0;Filled;2002/02/15 08:00:00.000;;-1;
2002/02/20 08:00:00.000;93;CAC 40;SELL;Market;1;3977.9631083441823;0.0;Filled;2002/02/20 08:00:00.000;;-1;
2002/02/28 08:00:00.000;94;CAC 40;BUY;Market;1;4103.123169019367;0.0;Filled;2002/02/28 08:00:00.000;;-1;
2002/03/14 08:00:00.000;95;CAC 40;SELL;Market;1;4247.494048002171;0.0;Filled;2002/03/14 08:00:00.000;;-1;
2002/03/19 08:00:00.000;96;CAC 40;BUY;Market;1;4345.142959676624;0.0;Filled;2002/03/19 08:00:00.000;;-1;
2002/04/05 07:00:00.000;97;CAC 40;SELL;Market;1;4235.8615436344635;0.0;Filled;2002/04/05 07:00:00.000;;-1;
2002/04/17 07:00:00.000;98;CAC 40;BUY;Market;1;4332.980062271586;0.0;Filled;2002/04/17 07:00:00.000;;-1;
2002/04/26 07:00:00.000;99;CAC 40;SELL;Market;1;4164.890318476567;0.0;Filled;2002/04/26 07:00:00.000;;-1;
2002/05/15 07:00:00.000;100;CAC 40;BUY;Market;1;4190.923841321915;0.0;Filled;2002/05/15 07:00:00.000;;-1;
2002/05/23 07:00:00.000;101;CAC 40;SELL;Market;1;4082.8619037093536;0.0;Filled;2002/05/23 07:00:00.000;;-1;
2002/07/09 07:00:00.000;102;CAC 40;BUY;Market;1;3572.128245676351;0.0;Filled;2002/07/09 07:00:00.000;;-1;
2002/07/11 07:00:00.000;103;CAC 40;SELL;Market;1;3336.1498839567844;0.0;Filled;2002/07/11 07:00:00.000;;-1;
2002/07/31 07:00:00.000;104;CAC 40;BUY;Market;1;3137.726529712725;0.0;Filled;2002/07/31 07:00:00.000;;-1;
2002/08/06 07:00:00.000;105;CAC 40;SELL;Market;1;2845.5008935826863;0.0;Filled;2002/08/06 07:00:00.000;;-1;
2002/08/07 07:00:00.000;106;CAC 40;BUY;Market;1;3055.8848563028882;0.0;Filled;2002/08/07 07:00:00.000;;-1;
2002/08/08 07:00:00.000;107;CAC 40;SELL;Market;1;3085.93970812006;0.0;Filled;2002/08/08 07:00:00.000;;-1;
2002/08/09 07:00:00.000;108;CAC 40;BUY;Market;1;3181.1904692637117;0.0;Filled;2002/08/09 07:00:00.000;;-1;
2002/08/30 07:00:00.000;109;CAC 40;SELL;Market;1;3090.282245517912;0.0;Filled;2002/08/30 07:00:00.000;;-1;
2002/09/12 07:00:00.000;110;CAC 40;BUY;Market;1;3093.0496624541966;0.0;Filled;2002/09/12 07:00:00.000;;-1;
2002/09/17 07:00:00.000;111;CAC 40;SELL;Market;1;2990.655235811663;0.0;Filled;2002/09/17 07:00:00.000;;-1;
2002/10/03 07:00:00.000;112;CAC 40;BUY;Market;1;2653.211338277984;0.0;Filled;2002/10/03 07:00:00.000;;-1;
2002/10/07 07:00:00.000;113;CAC 40;SELL;Market;1;2546.0341118877673;0.0;Filled;2002/10/07 07:00:00.000;;-1;
2002/10/14 07:00:00.000;114;CAC 40;BUY;Market;1;2679.8906478515146;0.0;Filled;2002/10/14 07:00:00.000;;-1;
2002/10/28 08:00:00.000;115;CAC 40;SELL;Market;1;2853.766148175557;0.0;Filled;2002/10/28 08:00:00.000;;-1;
2002/11/01 08:00:00.000;116;CAC 40;BUY;Market;1;2856.4834258863543;0.0;Filled;2002/11/01 08:00:00.000;;-1;
2002/11/11 08:00:00.000;117;CAC 40;SELL;Market;1;2795.4140968969823;0.0;Filled;2002/11/11 08:00:00.000;;-1;
2002/11/19 08:00:00.000;118;CAC 40;BUY;Market;1;2923.5219374085227;0.0;Filled;2002/11/19 08:00:00.000;;-1;
2002/12/05 08:00:00.000;119;CAC 40;SELL;Market;1;2978.2384069946356;0.0;Filled;2002/12/05 08:00:00.000;;-1;
2003/01/03 08:00:00.000;120;CAC 40;BUY;Market;1;2965.0117068240347;0.0;Filled;2003/01/03 08:00:00.000;;-1;
2003/01/16 08:00:00.000;121;CAC 40;SELL;Market;1;2885.3615476189793;0.0;Filled;2003/01/16 08:00:00.000;;-1;
2003/02/04 08:00:00.000;122;CAC 40;BUY;Market;1;2703.9312480949;0.0;Filled;2003/02/04 08:00:00.000;;-1;
2003/02/07 08:00:00.000;123;CAC 40;SELL;Market;1;2626.702337914699;0.0;Filled;2003/02/07 08:00:00.000;;-1;
2003/02/18 08:00:00.000;124;CAC 40;BUY;Market;1;2654.284091550485;0.0;Filled;2003/02/18 08:00:00.000;;-1;
2003/02/25 08:00:00.000;125;CAC 40;SELL;Market;1;2537.5213344923236;0.0;Filled;2003/02/25 08:00:00.000;;-1;
2003/03/17 08:00:00.000;126;CAC 40;BUY;Market;1;2444.26994671726;0.0;Filled;2003/03/17 08:00:00.000;;-1;
2003/03/28 08:00:00.000;127;CAC 40;SELL;Market;1;2519.5630104403313;0.0;Filled;2003/03/28 08:00:00.000;;-1;
2003/04/07 07:00:00.000;128;CAC 40;BUY;Market;1;2668.6622266492477;0.0;Filled;2003/04/07 07:00:00.000;;-1;
2003/05/13 07:00:00.000;129;CAC 40;SELL;Market;1;2745.455986523908;0.0;Filled;2003/05/13 07:00:00.000;;-1;
2003/05/19 07:00:00.000;130;CAC 40;BUY;Market;1;2757.0794242314605;0.0;Filled;2003/05/19 07:00:00.000;;-1;
2003/05/20 07:00:00.000;131;CAC 40;SELL;Market;1;2636.6606095812162;0.0;Filled;2003/05/20 07:00:00.000;;-1;
2003/05/29 07:00:00.000;132;CAC 40;BUY;Market;1;2724.9987361586154;0.0;Filled;2003/05/29 07:00:00.000;;-1;
2003/06/25 07:00:00.000;133;CAC 40;SELL;Market;1;2919.5588389585687;0.0;Filled;2003/06/25 07:00:00.000;;-1;
2003/07/08 07:00:00.000;134;CAC 40;BUY;Market;1;2979.857222824516;0.0;Filled;2003/07/08 07:00:00.000;;-1;
2003/07/21 07:00:00.000;135;CAC 40;SELL;Market;1;2948.997254723713;0.0;Filled;2003/07/21 07:00:00.000;;-1;
2003/07/29 07:00:00.000;136;CAC 40;BUY;Market;1;2951.335131094986;0.0;Filled;2003/07/29 07:00:00.000;;-1;
2003/08/07 07:00:00.000;137;CAC 40;SELL;Market;1;2932.2260253364357;0.0;Filled;2003/08/07 07:00:00.000;;-1;
2003/08/12 07:00:00.000;138;CAC 40;BUY;Market;1;2976.102059462769;0.0;Filled;2003/08/12 07:00:00.000;;-1;
2003/08/28 07:00:00.000;139;CAC 40;SELL;Market;1;3062.9205950744495;0.0;Filled;2003/08/28 07:00:00.000;;-1;
2003/08/29 07:00:00.000;140;CAC 40;BUY;Market;1;3109.1262588558757;0.0;Filled;2003/08/29 07:00:00.000;;-1;
2003/09/11 07:00:00.000;141;CAC 40;SELL;Market;1;3101.6692029209794;0.0;Filled;2003/09/11 07:00:00.000;;-1;
2003/09/18 07:00:00.000;142;CAC 40;BUY;Market;1;3160.8595844042197;0.0;Filled;2003/09/18 07:00:00.000;;-1;
2003/09/23 07:00:00.000;143;CAC 40;SELL;Market;1;3058.325065299394;0.0;Filled;2003/09/23 07:00:00.000;;-1;
2003/10/06 07:00:00.000;144;CAC 40;BUY;Market;1;3064.2538685009995;0.0;Filled;2003/10/06 07:00:00.000;;-1;
2003/10/23 07:00:00.000;145;CAC 40;SELL;Market;1;3055.8765037329226;0.0;Filled;2003/10/23 07:00:00.000;;-1;
2003/10/30 08:00:00.000;146;CAC 40;BUY;Market;1;3144.3042429515117;0.0;Filled;2003/10/30 08:00:00.000;;-1;
2003/11/14 08:00:00.000;147;CAC 40;SELL;Market;1;3169.411639836025;0.0;Filled;2003/11/14 08:00:00.000;;-1;
2003/11/17 08:00:00.000;148;CAC 40;BUY;Market;1;3181.0297176946615;0.0;Filled;2003/11/17 08:00:00.000;;-1;
2003/11/18 08:00:00.000;149;CAC 40;SELL;Market;1;3140.134083632261;0.0;Filled;2003/11/18 08:00:00.000;;-1;
2003/11/26 08:00:00.000;150;CAC 40;BUY;Market;1;3183.3533332663887;0.0;Filled;2003/11/26 08:00:00.000;;-1;
2003/12/10 08:00:00.000;151;CAC 40;SELL;Market;1;3190.320122445648;0.0;Filled;2003/12/10 08:00:00.000;;-1;
2003/12/16 08:00:00.000;152;CAC 40;BUY;Market;1;3225.577404589878;0.0;Filled;2003/12/16 08:00:00.000;;-1;
2004/01/14 08:00:00.000;153;CAC 40;SELL;Market;1;3317.369531448159;0.0;Filled;2004/01/14 08:00:00.000;;-1;
2004/01/15 08:00:00.000;154;CAC 40;BUY;Market;1;3343.7750702405824;0.0;Filled;2004/01/15 08:00:00.000;;-1;
2004/01/30 08:00:00.000;155;CAC 40;SELL;Market;1;3403.9862356398485;0.0;Filled;2004/01/30 08:00:00.000;;-1;
2004/02/11 08:00:00.000;156;CAC 40;BUY;Market;1;3404.4488594826917;0.0;Filled;2004/02/11 08:00:00.000;;-1;
2004/03/12 08:00:00.000;157;CAC 40;SELL;Market;1;3344.456973355204;0.0;Filled;2004/03/12 08:00:00.000;;-1;
2004/03/30 07:00:00.000;158;CAC 40;BUY;Market;1;3362.9320843805053;0.0;Filled;2004/03/30 07:00:00.000;;-1;
2004/04/20 07:00:00.000;159;CAC 40;SELL;Market;1;3468.240217224724;0.0;Filled;2004/04/20 07:00:00.000;;-1;
2004/04/21 07:00:00.000;160;CAC 40;BUY;Market;1;3452.5363728532175;0.0;Filled;2004/04/21 07:00:00.000;;-1;
2004/04/29 07:00:00.000;161;CAC 40;SELL;Market;1;3428.056850744693;0.0;Filled;2004/04/29 07:00:00.000;;-1;
2004/05/20 07:00:00.000;162;CAC 40;BUY;Market;1;3348.7727470892096;0.0;Filled;2004/05/20 07:00:00.000;;-1;
2004/06/16 07:00:00.000;163;CAC 40;SELL;Market;1;3478.7091166206387;0.0;Filled;2004/06/16 07:00:00.000;;-1;
2004/06/17 07:00:00.000;164;CAC 40;BUY;Market;1;3481.0592781640926;0.0;Filled;2004/06/17 07:00:00.000;;-1;
2004/07/02 07:00:00.000;165;CAC 40;SELL;Market;1;3490.516990760493;0.0;Filled;2004/07/02 07:00:00.000;;-1;
2004/07/30 07:00:00.000;166;CAC 40;BUY;Market;1;3417.3027455902707;0.0;Filled;2004/07/30 07:00:00.000;;-1;
2004/08/09 07:00:00.000;167;CAC 40;SELL;Market;1;3301.0807103590055;0.0;Filled;2004/08/09 07:00:00.000;;-1;
2004/08/20 07:00:00.000;168;CAC 40;BUY;Market;1;3326.8557584949713;0.0;Filled;2004/08/20 07:00:00.000;;-1;
2004/09/24 07:00:00.000;169;CAC 40;SELL;Market;1;3413.5482470034885;0.0;Filled;2004/09/24 07:00:00.000;;-1;
2004/10/04 07:00:00.000;170;CAC 40;BUY;Market;1;3502.3962634434583;0.0;Filled;2004/10/04 07:00:00.000;;-1;
2004/10/13 07:00:00.000;171;CAC 40;SELL;Market;1;3467.334902023509;0.0;Filled;2004/10/13 07:00:00.000;;-1;
2004/10/29 07:00:00.000;172;CAC 40;BUY;Market;1;3471.9152091593;0.0;Filled;2004/10/29 07:00:00.000;;-1;
2004/11/23 08:00:00.000;173;CAC 40;SELL;Market;1;3547.940188205883;0.0;Filled;2004/11/23 08:00:00.000;;-1;
2004/12/03 08:00:00.000;174;CAC 40;BUY;Market;1;3566.149119294188;0.0;Filled;2004/12/03 08:00:00.000;;-1;
2004/12/07 08:00:00.000;175;CAC 40;SELL;Market;1;3516.658178387513;0.0;Filled;2004/12/07 08:00:00.000;;-1;
2004/12/14 08:00:00.000;176;CAC 40;BUY;Market;1;3572.2187629902896;0.0;Filled;2004/12/14 08:00:00.000;;-1;
2004/12/20 08:00:00.000;177;CAC 40;SELL;Market;1;3482.2507974432383;0.0;Filled;2004/12/20 08:00:00.000;;-1;
2004/12/23 08:00:00.000;178;CAC 40;BUY;Market;1;3546.5643159185015;0.0;Filled;2004/12/23 08:00:00.000;;-1;
2005/01/13 08:00:00.000;179;CAC 40;SELL;Market;1;3580.1191951229866;0.0;Filled;2005/01/13 08:00:00.000;;-1;
2005/01/18 08:00:00.000;180;CAC 40;BUY;Market;1;3609.4797144269114;0.0;Filled;2005/01/18 08:00:00.000;;-1;
2005/01/21 08:00:00.000;181;CAC 40;SELL;Market;1;3568.492156946289;0.0;Filled;2005/01/21 08:00:00.000;;-1;
2005/01/26 08:00:00.000;182;CAC 40;BUY;Market;1;3622.93388107756;0.0;Filled;2005/01/26 08:00:00.000;;-1;
2005/02/24 08:00:00.000;183;CAC 40;SELL;Market;1;3707.192610416949;0.0;Filled;2005/02/24 08:00:00.000;;-1;
2005/03/01 08:00:00.000;184;CAC 40;BUY;Market;1;3735.0662390667003;0.0;Filled;2005/03/01 08:00:00.000;;-1;
2005/03/11 08:00:00.000;185;CAC 40;SELL;Market;1;3772.231077266369;0.0;Filled;2005/03/11 08:00:00.000;;-1;
2005/03/29 07:00:00.000;186;CAC 40;BUY;Market;1;3769.405725315141;0.0;Filled;2005/03/29 07:00:00.000;;-1;
2005/04/18 07:00:00.000;187;CAC 40;SELL;Market;1;3685.4856389599368;0.0;Filled;2005/04/18 07:00:00.000;;-1;
2005/05/05 07:00:00.000;188;CAC 40;BUY;Market;1;3717.716121734111;0.0;Filled;2005/05/05 07:00:00.000;;-1;
2005/06/28 07:00:00.000;189;CAC 40;SELL;Market;1;3940.5938328848397;0.0;Filled;2005/06/28 07:00:00.000;;-1;
2005/06/30 07:00:00.000;190;CAC 40;BUY;Market;1;3989.243139463665;0.0;Filled;2005/06/30 07:00:00.000;;-1;
2005/08/08 07:00:00.000;191;CAC 40;SELL;Market;1;4177.605104601257;0.0;Filled;2005/08/08 07:00:00.000;;-1;
2005/08/10 07:00:00.000;192;CAC 40;BUY;Market;1;4237.938338651687;0.0;Filled;2005/08/10 07:00:00.000;;-1;
2005/08/16 07:00:00.000;193;CAC 40;SELL;Market;1;4231.810744568441;0.0;Filled;2005/08/16 07:00:00.000;;-1;
2005/09/06 07:00:00.000;194;CAC 40;BUY;Market;1;4174.3078619970465;0.0;Filled;2005/09/06 07:00:00.000;;-1;
2005/09/23 07:00:00.000;195;CAC 40;SELL;Market;1;4195.521179554378;0.0;Filled;2005/09/23 07:00:00.000;;-1;
2005/09/27 07:00:00.000;196;CAC 40;BUY;Market;1;4289.454263166924;0.0;Filled;2005/09/27 07:00:00.000;;-1;
2005/10/10 07:00:00.000;197;CAC 40;SELL;Market;1;4265.970992263788;0.0;Filled;2005/10/10 07:00:00.000;;-1;
2005/11/02 08:00:00.000;198;CAC 40;BUY;Market;1;4150.863389892457;0.0;Filled;2005/11/02 08:00:00.000;;-1;
2006/01/18 08:00:00.000;199;CAC 40;SELL;Market;1;4483.298656648214;0.0;Filled;2006/01/18 08:00:00.000;;-1;
2006/01/27 08:00:00.000;200;CAC 40;BUY;Market;1;4596.000278938114;0.0;Filled;2006/01/27 08:00:00.000;;-1;
2006/02/09 08:00:00.000;201;CAC 40;SELL;Market;1;4610.02387620908;0.0;Filled;2006/02/09 08:00:00.000;;-1;
2006/02/15 08:00:00.000;202;CAC 40;BUY;Market;1;4647.420135598325;0.0;Filled;2006/02/15 08:00:00.000;;-1;
2006/03/03 08:00:00.000;203;CAC 40;SELL;Market;1;4669.352112921868;0.0;Filled;2006/03/03 08:00:00.000;;-1;
2006/03/13 08:00:00.000;204;CAC 40;BUY;Market;1;4745.868274644408;0.0;Filled;2006/03/13 08:00:00.000;;-1;
2006/04/10 07:00:00.000;205;CAC 40;SELL;Market;1;4811.124438601766;0.0;Filled;2006/04/10 07:00:00.000;;-1;
2006/04/21 07:00:00.000;206;CAC 40;BUY;Market;1;4851.209156911046;0.0;Filled;2006/04/21 07:00:00.000;;-1;
2006/05/04 07:00:00.000;207;CAC 40;SELL;Market;1;4835.681523334125;0.0;Filled;2006/05/04 07:00:00.000;;-1;
2006/05/08 07:00:00.000;208;CAC 40;BUY;Market;1;4937.316943110341;0.0;Filled;2006/05/08 07:00:00.000;;-1;
2006/05/15 07:00:00.000;209;CAC 40;SELL;Market;1;4801.803050075386;0.0;Filled;2006/05/15 07:00:00.000;;-1;
2006/05/29 07:00:00.000;210;CAC 40;BUY;Market;1;4747.473391422627;0.0;Filled;2006/05/29 07:00:00.000;;-1;
2006/06/07 07:00:00.000;211;CAC 40;SELL;Market;1;4568.439934528926;0.0;Filled;2006/06/07 07:00:00.000;;-1;
2006/06/21 07:00:00.000;212;CAC 40;BUY;Market;1;4519.013463719594;0.0;Filled;2006/06/21 07:00:00.000;;-1;
2006/07/13 07:00:00.000;213;CAC 40;SELL;Market;1;4651.814027304972;0.0;Filled;2006/07/13 07:00:00.000;;-1;
2006/07/25 07:00:00.000;214;CAC 40;BUY;Market;1;4670.670734436195;0.0;Filled;2006/07/25 07:00:00.000;;-1;
2006/08/09 07:00:00.000;215;CAC 40;SELL;Market;1;4709.955865258875;0.0;Filled;2006/08/09 07:00:00.000;;-1;
2006/08/15 07:00:00.000;216;CAC 40;BUY;Market;1;4761.547181640466;0.0;Filled;2006/08/15 07:00:00.000;;-1;
2006/08/28 07:00:00.000;217;CAC 40;SELL;Market;1;4825.0667751440515;0.0;Filled;2006/08/28 07:00:00.000;;-1;
2006/08/29 07:00:00.000;218;CAC 40;BUY;Market;1;4884.583017304419;0.0;Filled;2006/08/29 07:00:00.000;;-1;
2006/09/07 07:00:00.000;219;CAC 40;SELL;Market;1;4817.036805963685;0.0;Filled;2006/09/07 07:00:00.000;;-1;
2006/09/18 07:00:00.000;220;CAC 40;BUY;Market;1;4860.906663901964;0.0;Filled;2006/09/18 07:00:00.000;;-1;
2006/11/01 08:00:00.000;221;CAC 40;SELL;Market;1;5032.810215447317;0.0;Filled;2006/11/01 08:00:00.000;;-1;
2006/11/08 08:00:00.000;222;CAC 40;BUY;Market;1;5090.118675992825;0.0;Filled;2006/11/08 08:00:00.000;;-1;
2006/11/23 08:00:00.000;223;CAC 40;SELL;Market;1;5129.65677116238;0.0;Filled;2006/11/23 08:00:00.000;;-1;
2006/12/08 08:00:00.000;224;CAC 40;BUY;Market;1;5028.432044086638;0.0;Filled;2006/12/08 08:00:00.000;;-1;
2006/12/27 08:00:00.000;225;CAC 40;SELL;Market;1;5133.96795729021;0.0;Filled;2006/12/27 08:00:00.000;;-1;
2006/12/28 08:00:00.000;226;CAC 40;BUY;Market;1;5195.631630662576;0.0;Filled;2006/12/28 08:00:00.000;;-1;
2007/01/09 08:00:00.000;227;CAC 40;SELL;Market;1;5184.4200536857825;0.0;Filled;2007/01/09 08:00:00.000;;-1;
2007/01/12 08:00:00.000;228;CAC 40;BUY;Market;1;5240.010789529052;0.0;Filled;2007/01/12 08:00:00.000;;-1;
2007/01/24 08:00:00.000;229;CAC 40;SELL;Market;1;5221.697045343423;0.0;Filled;2007/01/24 08:00:00.000;;-1;
2007/01/25 08:00:00.000;230;CAC 40;BUY;Market;1;5278.064726892763;0.0;Filled;2007/01/25 08:00:00.000;;-1;
2007/01/29 08:00:00.000;231;CAC 40;SELL;Market;1;5224.492136990498;0.0;Filled;2007/01/29 08:00:00.000;;-1;
2007/01/30 08:00:00.000;232;CAC 40;BUY;Market;1;5248.250415990633;0.0;Filled;2007/01/30 08:00:00.000;;-1;
2007/02/28 08:00:00.000;233;CAC 40;SELL;Market;1;5099.781934605821;0.0;Filled;2007/02/28 08:00:00.000;;-1;
2007/03/13 08:00:00.000;234;CAC 40;BUY;Market;1;5115.579364067975;0.0;Filled;2007/03/13 08:00:00.000;;-1;
2007/03/15 08:00:00.000;235;CAC 40;SELL;Market;1;5005.926618389497;0.0;Filled;2007/03/15 08:00:00.000;;-1;
2007/03/21 08:00:00.000;236;CAC 40;BUY;Market;1;5104.087035939871;0.0;Filled;2007/03/21 08:00:00.000;;-1;
2007/05/18 07:00:00.000;237;CAC 40;SELL;Market;1;5596.179007096161;0.0;Filled;2007/05/18 07:00:00.000;;-1;
2007/05/21 07:00:00.000;238;CAC 40;BUY;Market;1;5706.9430992942225;0.0;Filled;2007/05/21 07:00:00.000;;-1;
2007/06/07 07:00:00.000;239;CAC 40;SELL;Market;1;5623.045191161223;0.0;Filled;2007/06/07 07:00:00.000;;-1;
2007/06/18 07:00:00.000;240;CAC 40;BUY;Market;1;5751.119419761235;0.0;Filled;2007/06/18 07:00:00.000;;-1;
2007/06/26 07:00:00.000;241;CAC 40;SELL;Market;1;5623.254086904029;0.0;Filled;2007/06/26 07:00:00.000;;-1;
2007/07/04 07:00:00.000;242;CAC 40;BUY;Market;1;5713.51196892088;0.0;Filled;2007/07/04 07:00:00.000;;-1;
2007/07/12 07:00:00.000;243;CAC 40;SELL;Market;1;5670.733493589976;0.0;Filled;2007/07/12 07:00:00.000;;-1;
2007/07/16 07:00:00.000;244;CAC 40;BUY;Market;1;5741.717557051146;0.0;Filled;2007/07/16 07:00:00.000;;-1;
2007/07/19 07:00:00.000;245;CAC 40;SELL;Market;1;5676.844704351534;0.0;Filled;2007/07/19 07:00:00.000;;-1;
2007/08/09 07:00:00.000;246;CAC 40;BUY;Market;1;5405.1228369102255;0.0;Filled;2007/08/09 07:00:00.000;;-1;
2007/08/13 07:00:00.000;247;CAC 40;SELL;Market;1;5167.52987017592;0.0;Filled;2007/08/13 07:00:00.000;;-1;
2007/08/24 07:00:00.000;248;CAC 40;BUY;Market;1;5161.522383400173;0.0;Filled;2007/08/24 07:00:00.000;;-1;
2007/09/10 07:00:00.000;249;CAC 40;SELL;Market;1;5075.621504371082;0.0;Filled;2007/09/10 07:00:00.000;;-1;
2007/09/19 07:00:00.000;250;CAC 40;BUY;Market;1;5268.431629583118;0.0;Filled;2007/09/19 07:00:00.000;;-1;
2007/10/16 07:00:00.000;251;CAC 40;SELL;Market;1;5405.880424828207;0.0;Filled;2007/10/16 07:00:00.000;;-1;
2007/10/29 08:00:00.000;252;CAC 40;BUY;Market;1;5437.946380209414;0.0;Filled;2007/10/29 08:00:00.000;;-1;
2007/11/06 08:00:00.000;253;CAC 40;SELL;Market;1;5300.2650759119215;0.0;Filled;2007/11/06 08:00:00.000;;-1;
2007/11/29 08:00:00.000;254;CAC 40;BUY;Market;1;5207.545158068886;0.0;Filled;2007/11/29 08:00:00.000;;-1;
2007/12/14 08:00:00.000;255;CAC 40;SELL;Market;1;5204.763845006004;0.0;Filled;2007/12/14 08:00:00.000;;-1;
2007/12/28 08:00:00.000;256;CAC 40;BUY;Market;1;5208.199338060945;0.0;Filled;2007/12/28 08:00:00.000;;-1;
2008/01/04 08:00:00.000;257;CAC 40;SELL;Market;1;5134.701184625985;0.0;Filled;2008/01/04 08:00:00.000;;-1;
2008/02/01 08:00:00.000;258;CAC 40;BUY;Market;1;4537.693270434653;0.0;Filled;2008/02/01 08:00:00.000;;-1;
2008/02/07 08:00:00.000;259;CAC 40;SELL;Market;1;4380.998601335751;0.0;Filled;2008/02/07 08:00:00.000;;-1;
2008/02/15 08:00:00.000;260;CAC 40;BUY;Market;1;4462.626639241769;0.0;Filled;2008/02/15 08:00:00.000;;-1;
2008/03/03 08:00:00.000;261;CAC 40;SELL;Market;1;4337.248737367425;0.0;Filled;2008/03/03 08:00:00.000;;-1;
2008/03/26 08:00:00.000;262;CAC 40;BUY;Market;1;4306.711864396919;0.0;Filled;2008/03/26 08:00:00.000;;-1;
2008/04/14 07:00:00.000;263;CAC 40;SELL;Market;1;4370.888518044132;0.0;Filled;2008/04/14 07:00:00.000;;-1;
2008/04/21 07:00:00.000;264;CAC 40;BUY;Market;1;4547.3347027068585;0.0;Filled;2008/04/21 07:00:00.000;;-1;
2008/05/12 07:00:00.000;265;CAC 40;SELL;Market;1;4589.919677528625;0.0;Filled;2008/05/12 07:00:00.000;;-1;
2008/05/15 07:00:00.000;266;CAC 40;BUY;Market;1;4650.094098472425;0.0;Filled;2008/05/15 07:00:00.000;;-1;
2008/05/26 07:00:00.000;267;CAC 40;SELL;Market;1;4592.266103533309;0.0;Filled;2008/05/26 07:00:00.000;;-1;
2008/06/02 07:00:00.000;268;CAC 40;BUY;Market;1;4700.435112395979;0.0;Filled;2008/06/02 07:00:00.000;;-1;
2008/06/05 07:00:00.000;269;CAC 40;SELL;Market;1;4596.9487446096155;0.0;Filled;2008/06/05 07:00:00.000;;-1;
2008/07/21 07:00:00.000;270;CAC 40;BUY;Market;1;4016.766992596001;0.0;Filled;2008/07/21 07:00:00.000;;-1;
2008/08/04 07:00:00.000;271;CAC 40;SELL;Market;1;4008.8498866395794;0.0;Filled;2008/08/04 07:00:00.000;;-1;
2008/08/07 07:00:00.000;272;CAC 40;BUY;Market;1;4132.729309251816;0.0;Filled;2008/08/07 07:00:00.000;;-1;
2008/08/19 07:00:00.000;273;CAC 40;SELL;Market;1;4092.736557264815;0.0;Filled;2008/08/19 07:00:00.000;;-1;
2008/08/29 07:00:00.000;274;CAC 40;BUY;Market;1;4155.923317599474;0.0;Filled;2008/08/29 07:00:00.000;;-1;
2008/09/05 07:00:00.000;275;CAC 40;SELL;Market;1;3955.6770403624287;0.0;Filled;2008/09/05 07:00:00.000;;-1;
2008/09/26 07:00:00.000;276;CAC 40;BUY;Market;1;3859.85745455415;0.0;Filled;2008/09/26 07:00:00.000;;-1;
2008/09/30 07:00:00.000;277;CAC 40;SELL;Market;1;3565.296698483063;0.0;Filled;2008/09/30 07:00:00.000;;-1;
2008/10/22 07:00:00.000;278;CAC 40;BUY;Market;1;3137.0697470052996;0.0;Filled;2008/10/22 07:00:00.000;;-1;
2008/10/23 07:00:00.000;279;CAC 40;SELL;Market;1;3064.287132807009;0.0;Filled;2008/10/23 07:00:00.000;;-1;
2008/10/31 08:00:00.000;280;CAC 40;BUY;Market;1;3120.84432345791;0.0;Filled;2008/10/31 08:00:00.000;;-1;
2008/11/12 08:00:00.000;281;CAC 40;SELL;Market;1;3159.3217564417196;0.0;Filled;2008/11/12 08:00:00.000;;-1;
2008/11/27 08:00:00.000;282;CAC 40;BUY;Market;1;3000.123438706701;0.0;Filled;2008/11/27 08:00:00.000;;-1;
2008/12/08 08:00:00.000;283;CAC 40;SELL;Market;1;2961.600814106971;0.0;Filled;2008/12/08 08:00:00.000;;-1;
2008/12/10 08:00:00.000;284;CAC 40;BUY;Market;1;3059.0676956243606;0.0;Filled;2008/12/10 08:00:00.000;;-1;
2008/12/22 08:00:00.000;285;CAC 40;SELL;Market;1;2976.0236188115086;0.0;Filled;2008/12/22 08:00:00.000;;-1;
2009/01/05 08:00:00.000;286;CAC 40;BUY;Market;1;3128.9729715926637;0.0;Filled;2009/01/05 08:00:00.000;;-1;
2009/01/14 08:00:00.000;287;CAC 40;SELL;Market;1;2988.5376567663307;0.0;Filled;2009/01/14 08:00:00.000;;-1;
2009/01/29 08:00:00.000;288;CAC 40;BUY;Market;1;2847.0852266214747;0.0;Filled;2009/01/29 08:00:00.000;;-1;
2009/02/13 08:00:00.000;289;CAC 40;SELL;Market;1;2786.449856000858;0.0;Filled;2009/02/13 08:00:00.000;;-1;
2009/03/12 08:00:00.000;290;CAC 40;BUY;Market;1;2435.2131092945065;0.0;Filled;2009/03/12 08:00:00.000;;-1;
2009/03/31 07:00:00.000;291;CAC 40;SELL;Market;1;2518.962600607884;0.0;Filled;2009/03/31 07:00:00.000;;-1;
2009/04/03 07:00:00.000;292;CAC 40;BUY;Market;1;2761.8823958538683;0.0;Filled;2009/04/03 07:00:00.000;;-1;
2009/05/15 07:00:00.000;293;CAC 40;SELL;Market;1;2981.147796954389;0.0;Filled;2009/05/15 07:00:00.000;;-1;
2009/05/20 07:00:00.000;294;CAC 40;BUY;Market;1;3096.102082183993;0.0;Filled;2009/05/20 07:00:00.000;;-1;
2009/06/10 07:00:00.000;295;CAC 40;SELL;Market;1;3180.8808675408254;0.0;Filled;2009/06/10 07:00:00.000;;-1;
2009/06/11 07:00:00.000;296;CAC 40;BUY;Market;1;3177.049058033172;0.0;Filled;2009/06/11 07:00:00.000;;-1;
2009/06/15 07:00:00.000;297;CAC 40;SELL;Market;1;3178.4859865985422;0.0;Filled;2009/06/15 07:00:00.000;;-1;
2009/07/02 07:00:00.000;298;CAC 40;BUY;Market;1;3050.112709278666;0.0;Filled;2009/07/02 07:00:00.000;;-1;
2009/07/03 07:00:00.000;299;CAC 40;SELL;Market;1;2990.6637976234388;0.0;Filled;2009/07/03 07:00:00.000;;-1;
2009/07/16 07:00:00.000;300;CAC 40;BUY;Market;1;3040.524175140726;0.0;Filled;2009/07/16 07:00:00.000;;-1;
2009/08/18 07:00:00.000;301;CAC 40;SELL;Market;1;3297.0532817060307;0.0;Filled;2009/08/18 07:00:00.000;;-1;
2009/08/24 07:00:00.000;302;CAC 40;BUY;Market;1;3486.171304053534;0.0;Filled;2009/08/24 07:00:00.000;;-1;
2009/09/03 07:00:00.000;303;CAC 40;SELL;Market;1;3432.3827400565656;0.0;Filled;2009/09/03 07:00:00.000;;-1;
2009/09/09 07:00:00.000;304;CAC 40;BUY;Market;1;3505.8617605167105;0.0;Filled;2009/09/09 07:00:00.000;;-1;
2009/09/28 07:00:00.000;305;CAC 40;SELL;Market;1;3576.9395057984193;0.0;Filled;2009/09/28 07:00:00.000;;-1;
2009/10/09 07:00:00.000;306;CAC 40;BUY;Market;1;3655.7013316511234;0.0;Filled;2009/10/09 07:00:00.000;;-1;
2009/10/26 08:00:00.000;307;CAC 40;SELL;Market;1;3670.855770304045;0.0;Filled;2009/10/26 08:00:00.000;;-1;
2009/11/09 08:00:00.000;308;CAC 40;BUY;Market;1;3580.723150943901;0.0;Filled;2009/11/09 08:00:00.000;;-1;
2009/11/23 08:00:00.000;309;CAC 40;SELL;Market;1;3630.3747426236355;0.0;Filled;2009/11/23 08:00:00.000;;-1;
2009/12/03 08:00:00.000;310;CAC 40;BUY;Market;1;3682.0234725080563;0.0;Filled;2009/12/03 08:00:00.000;;-1;
2010/01/18 08:00:00.000;311;CAC 40;SELL;Market;1;3867.8737918623597;0.0;Filled;2010/01/18 08:00:00.000;;-1;
2010/02/04 08:00:00.000;312;CAC 40;BUY;Market;1;3702.900312315135;0.0;Filled;2010/02/04 08:00:00.000;;-1;
2010/02/05 08:00:00.000;313;CAC 40;SELL;Market;1;3583.671691403424;0.0;Filled;2010/02/05 08:00:00.000;;-1;
2010/02/18 08:00:00.000;314;CAC 40;BUY;Market;1;3626.9833128774744;0.0;Filled;2010/02/18 08:00:00.000;;-1;
2010/02/26 08:00:00.000;315;CAC 40;SELL;Market;1;3590.013299525251;0.0;Filled;2010/02/26 08:00:00.000;;-1;
2010/03/02 08:00:00.000;316;CAC 40;BUY;Market;1;3673.207807482809;0.0;Filled;2010/03/02 08:00:00.000;;-1;
2010/04/19 07:00:00.000;317;CAC 40;SELL;Market;1;3857.753788982804;0.0;Filled;2010/04/19 07:00:00.000;;-1;
