Date;InstrumentID;Side;Price;Quantity;Value;TotalCost;Comment;OrderId;Factor;Currency;RawSymbol;BrokerCost;BrokerCurrency;ClearingCost;ClearingCurrency;ExchangeCost;ExchangeCurrency;NFACost;NFACurrency;GlobexCost;GlobexCurrency;Tag
1999/03/03 08:00:00.000;CAC 40;BUY;4025.5813448097924;1;40255.81344809792;0.0;Enter in pos by buying at open;0;10;EUR;FCEH9^9;;;;;;;;;;;
1999/03/08 16:29:59.999;CAC 40;SELL;4154.35240160735;1;41543.5240160735;0.0;Sell at Close;2;10;EUR;FCEH9^9;;;;;;;;;;;
1999/03/09 08:00:00.000;CAC 40;BUY;4173.172786831608;1;41731.727868316084;0.0;Enter in pos by buying at open;3;10;EUR;FCEH9^9;;;;;;;;;;;
1999/03/24 16:29:59.999;CAC 40;SELL;3964.514147490028;1;39645.14147490028;0.0;security stop;4;10;EUR;FCEH9^9;;;;;;;;;;;
1999/03/26 08:00:00.000;CAC 40;BUY;4148.409122062847;1;41484.09122062847;0.0;Enter in pos by buying at open;5;10;EUR;FCEH9^9;;;;;;;;;;;
1999/04/12 15:29:59.999;CAC 40;SELL;4318.114746154304;1;43181.14746154304;0.0;Sell at Close;7;10;EUR;FCEJ9^9;;;;;;;;;;;
1999/04/13 07:00:00.000;CAC 40;BUY;4362.65179946096;1;43626.5179946096;0.0;Enter in pos by buying at open;8;10;EUR;FCEJ9^9;;;;;;;;;;;
1999/05/04 15:29:59.999;CAC 40;SELL;4378.141982003134;1;43781.41982003134;0.0;Sell at Close;10;10;EUR;FCEK9^9;;;;;;;;;;;
1999/05/11 07:00:00.000;CAC 40;BUY;4290.261382001483;1;42902.61382001483;0.0;Enter in pos by buying at open;11;10;EUR;FCEK9^9;;;;;;;;;;;
1999/05/12 15:29:59.999;CAC 40;SELL;4305.652899515897;1;43056.528995158966;0.0;Sell at Close;13;10;EUR;FCEK9^9;;;;;;;;;;;
1999/05/13 07:00:00.000;CAC 40;BUY;4319.554915335367;1;43195.54915335367;0.0;Enter in pos by buying at open;14;10;EUR;FCEK9^9;;;;;;;;;;;
1999/05/21 15:29:59.999;CAC 40;SELL;4356.295957143966;1;43562.95957143966;0.0;Sell at Close;16;10;EUR;FCEK9^9;;;;;;;;;;;
1999/05/27 07:00:00.000;CAC 40;BUY;4364.2399661836635;1;43642.39966183664;0.0;Enter in pos by buying at open;17;10;EUR;FCEK9^9;;;;;;;;;;;
1999/06/22 15:29:59.999;CAC 40;SELL;4523.079032515147;1;45230.79032515147;0.0;Sell at Close;19;10;EUR;FCEM9^9;;;;;;;;;;;
1999/06/29 07:00:00.000;CAC 40;BUY;4469.631273654946;1;44696.31273654946;0.0;Enter in pos by buying at open;20;10;EUR;FCEM9^9;;;;;;;;;;;
1999/07/07 15:29:59.999;CAC 40;SELL;4662.999853676219;1;46629.998536762185;0.0;Sell at Close;22;10;EUR;FCEN9^9;;;;;;;;;;;
1999/07/12 07:00:00.000;CAC 40;BUY;4668.995995794105;1;46689.95995794104;0.0;Enter in pos by buying at open;23;10;EUR;FCEN9^9;;;;;;;;;;;
1999/07/26 07:00:00.000;CAC 40;SELL;4433.147739157244;1;44331.47739157244;0.0;security stop;24;10;EUR;FCEN9^9;;;;;;;;;;;
1999/07/28 07:00:00.000;CAC 40;BUY;4427.151597039358;1;44271.515970393586;0.0;Enter in pos by buying at open;25;10;EUR;FCEN9^9;;;;;;;;;;;
1999/08/05 15:29:59.999;CAC 40;SELL;4246.149709972199;1;42461.49709972199;0.0;security stop;21;10;EUR;FCEQ9^9;;;;;;;;;;;
1999/08/06 15:29:59.999;CAC 40;SELL;4205.794017187391;1;42057.94017187391;0.0;security stop;26;10;EUR;FCEQ9^9;;;;;;;;;;;
1999/08/10 15:29:59.999;CAC 40;SELL;4239.952866223489;1;42399.52866223489;0.0;Sell at Close;27;10;EUR;FCEQ9^9;;;;;;;;;;;
1999/08/16 15:29:59.999;CAC 40;SELL;4442.4729678336935;1;44424.72967833694;0.0;Sell at Close;28;10;EUR;FCEQ9^9;;;;;;;;;;;
1999/08/18 15:29:59.999;CAC 40;SELL;4472.402046889389;1;44724.02046889388;0.0;Sell at Close;29;10;EUR;FCEQ9^9;;;;;;;;;;;
1999/08/19 15:29:59.999;CAC 40;SELL;4392.591169407535;1;43925.911694075345;0.0;Sell at Close;30;10;EUR;FCEQ9^9;;;;;;;;;;;
1999/08/31 15:29:59.999;CAC 40;SELL;4582.756237553952;1;45827.56237553952;0.0;Sell at Close;31;10;EUR;FCEU9^9;;;;;;;;;;;
1999/09/02 15:29:59.999;CAC 40;SELL;4536.948591546241;1;45369.485915462414;0.0;Sell at Close;32;10;EUR;FCEU9^9;;;;;;;;;;;
1999/09/07 15:29:59.999;CAC 40;SELL;4666.404982437596;1;46664.049824375965;0.0;Sell at Close;33;10;EUR;FCEU9^9;;;;;;;;;;;
1999/09/13 15:29:59.999;CAC 40;SELL;4704.24608131353;1;47042.4608131353;0.0;Sell at Close;34;10;EUR;FCEU9^9;;;;;;;;;;;
1999/09/14 15:29:59.999;CAC 40;SELL;4684.827622679827;1;46848.27622679827;0.0;Sell at Close;35;10;EUR;FCEU9^9;;;;;;;;;;;
1999/09/15 15:29:59.999;CAC 40;SELL;4653.459343348461;1;46534.59343348461;0.0;Sell at Close;36;10;EUR;FCEU9^9;;;;;;;;;;;
1999/09/16 15:29:59.999;CAC 40;SELL;4625.576428387246;1;46255.76428387246;0.0;Sell at Close;37;10;EUR;FCEU9^9;;;;;;;;;;;
1999/09/21 15:29:59.999;CAC 40;SELL;4601.676786991919;1;46016.76786991919;0.0;Sell at Close;38;10;EUR;FCEU9^9;;;;;;;;;;;
1999/09/22 15:29:59.999;CAC 40;SELL;4564.33359731172;1;45643.3359731172;0.0;Sell at Close;39;10;EUR;FCEU9^9;;;;;;;;;;;
1999/09/24 15:29:59.999;CAC 40;SELL;4522.011315674162;1;45220.113156741616;0.0;Sell at Close;40;10;EUR;FCEU9^9;;;;;;;;;;;
1999/09/28 15:29:59.999;CAC 40;SELL;4541.927683503601;1;45419.276835036006;0.0;Sell at Close;41;10;EUR;FCEU9^9;;;;;;;;;;;
1999/09/29 15:29:59.999;CAC 40;SELL;4516.036405325331;1;45160.3640532533;0.0;Sell at Close;42;10;EUR;FCEU9^9;;;;;;;;;;;
1999/10/01 15:29:59.999;CAC 40;SELL;4516.036405325331;1;45160.3640532533;0.0;Sell at Close;43;10;EUR;FCEV9^9;;;;;;;;;;;
1999/10/08 15:29:59.999;CAC 40;SELL;4699.421178469938;1;46994.21178469938;0.0;Sell at Close;44;10;EUR;FCEV9^9;;;;;;;;;;;
1999/10/11 15:29:59.999;CAC 40;SELL;4696.439312239944;1;46964.393122399444;0.0;Sell at Close;45;10;EUR;FCEV9^9;;;;;;;;;;;
1999/10/12 15:29:59.999;CAC 40;SELL;4637.79594305007;1;46377.9594305007;0.0;Sell at Close;46;10;EUR;FCEV9^9;;;;;;;;;;;
1999/10/13 15:29:59.999;CAC 40;SELL;4576.170707630202;1;45761.70707630202;0.0;Sell at Close;47;10;EUR;FCEV9^9;;;;;;;;;;;
1999/10/14 15:29:59.999;CAC 40;SELL;4563.746265005228;1;45637.462650052286;0.0;Sell at Close;48;10;EUR;FCEV9^9;;;;;;;;;;;
1999/10/15 15:29:59.999;CAC 40;SELL;4502.618007290359;1;45026.18007290359;0.0;Sell at Close;49;10;EUR;FCEV9^9;;;;;;;;;;;
1999/10/18 15:29:59.999;CAC 40;SELL;4476.775166630415;1;44767.751666304146;0.0;Sell at Close;50;10;EUR;FCEV9^9;;;;;;;;;;;
1999/10/20 15:29:59.999;CAC 40;SELL;4562.255331890232;1;45622.55331890232;0.0;Sell at Close;51;10;EUR;FCEV9^9;;;;;;;;;;;
1999/10/25 15:29:59.999;CAC 40;SELL;4638.789898460068;1;46387.89898460068;0.0;Sell at Close;52;10;EUR;FCEV9^9;;;;;;;;;;;
1999/10/27 15:29:59.999;CAC 40;SELL;4646.741541740051;1;46467.41541740051;0.0;Sell at Close;53;10;EUR;FCEV9^9;;;;;;;;;;;
1999/11/12 16:29:59.999;CAC 40;SELL;5099.209691617369;1;50992.09691617369;0.0;Sell at Close;54;10;EUR;FCEX9^9;;;;;;;;;;;
1999/11/19 16:29:59.999;CAC 40;SELL;5216.36443141699;1;52163.6443141699;0.0;Sell at Close;55;10;EUR;FCEX9^9;;;;;;;;;;;
1999/11/22 16:29:59.999;CAC 40;SELL;5139.915999513847;1;51399.15999513847;0.0;Sell at Close;56;10;EUR;FCEX9^9;;;;;;;;;;;
1999/11/29 16:29:59.999;CAC 40;SELL;5337.490518328461;1;53374.90518328461;0.0;Sell at Close;57;10;EUR;FCEX9^9;;;;;;;;;;;
1999/11/30 16:29:59.999;CAC 40;SELL;5329.070982389741;1;53290.709823897414;0.0;Sell at Close;58;10;EUR;FCEZ9^9;;;;;;;;;;;
1999/12/02 16:29:59.999;CAC 40;SELL;5320.156179631097;1;53201.56179631097;0.0;Sell at Close;59;10;EUR;FCEZ9^9;;;;;;;;;;;
1999/12/08 16:29:59.999;CAC 40;SELL;5468.736225608506;1;54687.36225608506;0.0;Sell at Close;60;10;EUR;FCEZ9^9;;;;;;;;;;;
1999/12/10 16:29:59.999;CAC 40;SELL;5442.982350972422;1;54429.82350972422;0.0;Sell at Close;61;10;EUR;FCEZ9^9;;;;;;;;;;;
1999/12/15 16:29:59.999;CAC 40;SELL;5474.679427447602;1;54746.79427447602;0.0;Sell at Close;62;10;EUR;FCEZ9^9;;;;;;;;;;;
1999/12/20 16:29:59.999;CAC 40;SELL;5488.546898405494;1;54885.46898405494;0.0;Sell at Close;63;10;EUR;FCEZ9^9;;;;;;;;;;;
1999/12/27 16:29:59.999;CAC 40;SELL;5784.221189900539;1;57842.211899005386;0.0;Sell at Close;64;10;EUR;FCEZ9^9;;;;;;;;;;;
2000/01/03 16:29:59.999;CAC 40;SELL;5824.759130217962;1;58247.591302179615;0.0;Sell at Close;65;10;EUR;FCEF0^0;;;;;;;;;;;
2000/01/04 16:29:59.999;CAC 40;SELL;5605.9610715194185;1;56059.61071519418;0.0;Sell at Close;66;10;EUR;FCEF0^0;;;;;;;;;;;
2000/01/05 16:29:59.999;CAC 40;SELL;5429.050028562714;1;54290.50028562714;0.0;Sell at Close;67;10;EUR;FCEF0^0;;;;;;;;;;;
2000/01/06 16:29:59.999;CAC 40;SELL;5397.01878123072;1;53970.1878123072;0.0;Sell at Close;68;10;EUR;FCEF0^0;;;;;;;;;;;
2000/01/11 16:29:59.999;CAC 40;SELL;5546.826461060353;1;55468.264610603524;0.0;Sell at Close;69;10;EUR;FCEF0^0;;;;;;;;;;;
2000/01/12 16:29:59.999;CAC 40;SELL;5519.230309512789;1;55192.30309512789;0.0;Sell at Close;70;10;EUR;FCEF0^0;;;;;;;;;;;
2000/01/18 16:29:59.999;CAC 40;SELL;5608.42501362188;1;56084.2501362188;0.0;Sell at Close;71;10;EUR;FCEF0^0;;;;;;;;;;;
2000/01/19 16:29:59.999;CAC 40;SELL;5577.37934313087;1;55773.7934313087;0.0;Sell at Close;72;10;EUR;FCEF0^0;;;;;;;;;;;
2000/01/21 16:29:59.999;CAC 40;SELL;5594.626937848098;1;55946.26937848098;0.0;Sell at Close;73;10;EUR;FCEF0^0;;;;;;;;;;;
2000/01/25 16:29:59.999;CAC 40;SELL;5524.158193717712;1;55241.581937177114;0.0;Sell at Close;74;10;EUR;FCEF0^0;;;;;;;;;;;
2000/01/31 16:29:59.999;CAC 40;SELL;5552.521990121604;1;55525.21990121604;0.0;Sell at Close;75;10;EUR;FCEG0^0;;;;;;;;;;;
2000/02/07 16:29:59.999;CAC 40;SELL;6110.82124492583;1;61108.212449258295;0.0;Sell at Close;76;10;EUR;FCEG0^0;;;;;;;;;;;
2000/02/09 16:29:59.999;CAC 40;SELL;6205.18168235753;1;62051.8168235753;0.0;Sell at Close;77;10;EUR;FCEG0^0;;;;;;;;;;;
2000/02/10 16:29:59.999;CAC 40;SELL;6122.124838993169;1;61221.24838993169;0.0;Sell at Close;78;10;EUR;FCEG0^0;;;;;;;;;;;
2000/02/15 16:29:59.999;CAC 40;SELL;6010.563280154648;1;60105.63280154648;0.0;Sell at Close;79;10;EUR;FCEG0^0;;;;;;;;;;;
2000/02/16 16:29:59.999;CAC 40;SELL;5970.263510001527;1;59702.635100015264;0.0;Sell at Close;80;10;EUR;FCEG0^0;;;;;;;;;;;
2000/02/18 16:29:59.999;CAC 40;SELL;5982.058564680488;1;59820.58564680489;0.0;Sell at Close;81;10;EUR;FCEG0^0;;;;;;;;;;;
2000/02/21 16:29:59.999;CAC 40;SELL;5879.343296851191;1;58793.43296851191;0.0;Sell at Close;82;10;EUR;FCEG0^0;;;;;;;;;;;
2000/02/22 16:29:59.999;CAC 40;SELL;5873.445769511709;1;58734.45769511709;0.0;Sell at Close;83;10;EUR;FCEG0^0;;;;;;;;;;;
2000/02/28 16:29:59.999;CAC 40;SELL;6005.648674038413;1;60056.486740384134;0.0;Sell at Close;84;10;EUR;FCEG0^0;;;;;;;;;;;
2000/03/07 16:29:59.999;CAC 40;SELL;6327.257288746105;1;63272.57288746105;0.0;Sell at Close;85;10;EUR;FCEH0^0;;;;;;;;;;;
2000/03/08 16:29:59.999;CAC 40;SELL;6234.108452169182;1;62341.08452169182;0.0;Sell at Close;86;10;EUR;FCEH0^0;;;;;;;;;;;
2000/03/13 16:29:59.999;CAC 40;SELL;6221.361769269182;1;62213.61769269183;0.0;Sell at Close;87;10;EUR;FCEH0^0;;;;;;;;;;;
2000/03/15 16:29:59.999;CAC 40;SELL;6110.07342241149;1;61100.7342241149;0.0;Sell at Close;88;10;EUR;FCEH0^0;;;;;;;;;;;
2000/03/21 16:29:59.999;CAC 40;SELL;6212.537142646105;1;62125.37142646105;0.0;Sell at Close;89;10;EUR;FCEH0^0;;;;;;;;;;;
2000/03/22 16:29:59.999;CAC 40;SELL;6169.394523599952;1;61693.94523599952;0.0;Sell at Close;90;10;EUR;FCEH0^0;;;;;;;;;;;
2000/03/29 15:29:59.999;CAC 40;SELL;6370.890164826873;1;63708.90164826873;0.0;Sell at Close;91;10;EUR;FCEH0^0;;;;;;;;;;;
2000/03/30 15:29:59.999;CAC 40;SELL;6196.358660503798;1;61963.586605037985;0.0;Sell at Close;92;10;EUR;FCEH0^0;;;;;;;;;;;
2000/03/31 15:29:59.999;CAC 40;SELL;6142.5028251169915;1;61425.02825116992;0.0;Sell at Close;93;10;EUR;FCEJ0^0;;;;;;;;;;;
2000/04/03 15:29:59.999;CAC 40;SELL;6000.51925909723;1;60005.1925909723;0.0;Sell at Close;94;10;EUR;FCEJ0^0;;;;;;;;;;;
2000/04/05 15:29:59.999;CAC 40;SELL;5918.756309009988;1;59187.56309009988;0.0;Sell at Close;95;10;EUR;FCEJ0^0;;;;;;;;;;;
2000/04/11 15:29:59.999;CAC 40;SELL;6127.814870011499;1;61278.14870011499;0.0;Sell at Close;96;10;EUR;FCEJ0^0;;;;;;;;;;;
2000/04/12 15:29:59.999;CAC 40;SELL;6107.25173286381;1;61072.517328638096;0.0;Sell at Close;97;10;EUR;FCEJ0^0;;;;;;;;;;;
2000/04/14 15:29:59.999;CAC 40;SELL;5943.725832689326;1;59437.258326893265;0.0;Sell at Close;98;10;EUR;FCEJ0^0;;;;;;;;;;;
2000/04/27 15:29:59.999;CAC 40;SELL;6095.501368779415;1;60955.013687794155;0.0;Sell at Close;99;10;EUR;FCEJ0^0;;;;;;;;;;;
2000/05/03 15:29:59.999;CAC 40;SELL;6278.611209094556;1;62786.112090945564;0.0;Sell at Close;100;10;EUR;FCEK0^0;;;;;;;;;;;
2000/05/08 15:29:59.999;CAC 40;SELL;6362.822151699381;1;63628.221516993806;0.0;Sell at Close;101;10;EUR;FCEK0^0;;;;;;;;;;;
2000/05/09 15:29:59.999;CAC 40;SELL;6219.859388672586;1;62198.59388672586;0.0;Sell at Close;102;10;EUR;FCEK0^0;;;;;;;;;;;
2000/05/10 15:29:59.999;CAC 40;SELL;6126.835673004466;1;61268.35673004466;0.0;Sell at Close;103;10;EUR;FCEK0^0;;;;;;;;;;;
2000/05/15 15:29:59.999;CAC 40;SELL;6272.7360270523595;1;62727.3602705236;0.0;Sell at Close;104;10;EUR;FCEK0^0;;;;;;;;;;;
2000/05/17 15:29:59.999;CAC 40;SELL;6317.77908937587;1;63177.790893758705;0.0;Sell at Close;105;10;EUR;FCEK0^0;;;;;;;;;;;
2000/05/18 15:29:59.999;CAC 40;SELL;6317.289490872354;1;63172.89490872354;0.0;Sell at Close;106;10;EUR;FCEK0^0;;;;;;;;;;;
2000/05/19 15:29:59.999;CAC 40;SELL;6073.959034624693;1;60739.59034624693;0.0;Sell at Close;107;10;EUR;FCEK0^0;;;;;;;;;;;
2000/05/22 15:29:59.999;CAC 40;SELL;5975.060136914377;1;59750.60136914377;0.0;Sell at Close;108;10;EUR;FCEK0^0;;;;;;;;;;;
2000/05/24 15:29:59.999;CAC 40;SELL;5921.20430152757;1;59212.0430152757;0.0;Sell at Close;109;10;EUR;FCEK0^0;;;;;;;;;;;
2000/06/05 15:29:59.999;CAC 40;SELL;6533.622402989681;1;65336.22402989681;0.0;Sell at Close;110;10;EUR;FCEM0^0;;;;;;;;;;;
2000/06/06 15:29:59.999;CAC 40;SELL;6459.11489265474;1;64591.1489265474;0.0;Sell at Close;111;10;EUR;FCEM0^0;;;;;;;;;;;
2000/06/07 15:29:59.999;CAC 40;SELL;6358.627789900378;1;63586.27789900378;0.0;Sell at Close;112;10;EUR;FCEM0^0;;;;;;;;;;;
2000/06/12 15:29:59.999;CAC 40;SELL;6409.6066127611275;1;64096.06612761127;0.0;Sell at Close;113;10;EUR;FCEM0^0;;;;;;;;;;;
2000/06/15 15:29:59.999;CAC 40;SELL;6401.763716936397;1;64017.63716936397;0.0;Sell at Close;114;10;EUR;FCEM0^0;;;;;;;;;;;
2000/06/16 15:29:59.999;CAC 40;SELL;6357.647427922287;1;63576.474279222864;0.0;Sell at Close;115;10;EUR;FCEM0^0;;;;;;;;;;;
2000/06/21 15:29:59.999;CAC 40;SELL;6379.215391440296;1;63792.15391440296;0.0;Sell at Close;116;10;EUR;FCEM0^0;;;;;;;;;;;
2000/06/22 15:29:59.999;CAC 40;SELL;6367.4510477032;1;63674.510477032;0.0;Sell at Close;117;10;EUR;FCEM0^0;;;;;;;;;;;
2000/06/27 15:29:59.999;CAC 40;SELL;6442.938920016233;1;64429.38920016233;0.0;Sell at Close;118;10;EUR;FCEM0^0;;;;;;;;;;;
2000/06/29 15:29:59.999;CAC 40;SELL;6283.630098576392;1;62836.30098576392;0.0;Sell at Close;119;10;EUR;FCEM0^0;;;;;;;;;;;
2000/07/05 15:29:59.999;CAC 40;SELL;6343.7628693011175;1;63437.628693011175;0.0;Sell at Close;120;10;EUR;FCEN0^0;;;;;;;;;;;
2000/07/06 15:29:59.999;CAC 40;SELL;6331.051877115403;1;63310.51877115403;0.0;Sell at Close;121;10;EUR;FCEN0^0;;;;;;;;;;;
2000/07/10 15:29:59.999;CAC 40;SELL;6371.140390931887;1;63711.40390931887;0.0;Sell at Close;122;10;EUR;FCEN0^0;;;;;;;;;;;
2000/07/11 15:29:59.999;CAC 40;SELL;6367.229316413205;1;63672.293164132054;0.0;Sell at Close;123;10;EUR;FCEN0^0;;;;;;;;;;;
2000/07/18 15:29:59.999;CAC 40;SELL;6397.540143932985;1;63975.40143932986;0.0;Sell at Close;124;10;EUR;FCEN0^0;;;;;;;;;;;
2000/07/19 15:29:59.999;CAC 40;SELL;6372.118159561557;1;63721.18159561557;0.0;Sell at Close;125;10;EUR;FCEN0^0;;;;;;;;;;;
2000/07/21 15:29:59.999;CAC 40;SELL;6348.651712449469;1;63486.5171244947;0.0;Sell at Close;126;10;EUR;FCEN0^0;;;;;;;;;;;
2000/07/25 15:29:59.999;CAC 40;SELL;6321.2741908187;1;63212.741908187;0.0;Sell at Close;127;10;EUR;FCEN0^0;;;;;;;;;;;
2000/07/28 15:29:59.999;CAC 40;SELL;6255.763692630788;1;62557.63692630788;0.0;Sell at Close;128;10;EUR;FCEN0^0;;;;;;;;;;;
2000/08/01 15:29:59.999;CAC 40;SELL;6381.9409994130765;1;63819.409994130765;0.0;Sell at Close;129;10;EUR;FCEQ0^0;;;;;;;;;;;
2000/08/03 15:29:59.999;CAC 40;SELL;6224.097573168051;1;62240.97573168051;0.0;Sell at Close;130;10;EUR;FCEQ0^0;;;;;;;;;;;
2000/08/10 15:29:59.999;CAC 40;SELL;6412.632776738498;1;64126.32776738498;0.0;Sell at Close;131;10;EUR;FCEQ0^0;;;;;;;;;;;
2000/08/11 15:29:59.999;CAC 40;SELL;6393.633105060856;1;63936.33105060856;0.0;Sell at Close;132;10;EUR;FCEQ0^0;;;;;;;;;;;
2000/08/17 15:29:59.999;CAC 40;SELL;6481.323897419204;1;64813.238974192034;0.0;Sell at Close;133;10;EUR;FCEQ0^0;;;;;;;;;;;
2000/08/18 15:29:59.999;CAC 40;SELL;6449.17060688781;1;64491.706068878106;0.0;Sell at Close;134;10;EUR;FCEQ0^0;;;;;;;;;;;
2000/08/21 15:29:59.999;CAC 40;SELL;6427.73507986688;1;64277.350798668806;0.0;Sell at Close;135;10;EUR;FCEQ0^0;;;;;;;;;;;
2000/08/22 15:29:59.999;CAC 40;SELL;6401.427842159376;1;64014.278421593765;0.0;Sell at Close;136;10;EUR;FCEQ0^0;;;;;;;;;;;
2000/08/23 15:29:59.999;CAC 40;SELL;6348.813366744368;1;63488.13366744368;0.0;Sell at Close;137;10;EUR;FCEQ0^0;;;;;;;;;;;
2000/08/24 15:29:59.999;CAC 40;SELL;6315.685734075659;1;63156.857340756585;0.0;Sell at Close;138;10;EUR;FCEQ0^0;;;;;;;;;;;
2000/08/30 15:29:59.999;CAC 40;SELL;6465.734423222165;1;64657.34423222165;0.0;Sell at Close;139;10;EUR;FCEQ0^0;;;;;;;;;;;
2000/08/31 15:29:59.999;CAC 40;SELL;6458.9181369326225;1;64589.18136932622;0.0;Sell at Close;140;10;EUR;FCEU0^0;;;;;;;;;;;
2000/09/05 15:29:59.999;CAC 40;SELL;6689.698115592811;1;66896.98115592811;0.0;Sell at Close;141;10;EUR;FCEU0^0;;;;;;;;;;;
2000/09/06 15:29:59.999;CAC 40;SELL;6621.535252697397;1;66215.35252697396;0.0;Sell at Close;142;10;EUR;FCEU0^0;;;;;;;;;;;
2000/09/08 15:29:59.999;CAC 40;SELL;6524.159734275376;1;65241.597342753754;0.0;Sell at Close;143;10;EUR;FCEU0^0;;;;;;;;;;;
2000/09/11 15:29:59.999;CAC 40;SELL;6504.684630590972;1;65046.84630590972;0.0;Sell at Close;144;10;EUR;FCEU0^0;;;;;;;;;;;
2000/09/13 15:29:59.999;CAC 40;SELL;6396.597805142529;1;63965.97805142529;0.0;Sell at Close;145;10;EUR;FCEU0^0;;;;;;;;;;;
2000/09/15 15:29:59.999;CAC 40;SELL;6423.862950300695;1;64238.62950300695;0.0;Sell at Close;146;10;EUR;FCEU0^0;;;;;;;;;;;
2000/09/18 15:29:59.999;CAC 40;SELL;6363.490128879042;1;63634.90128879042;0.0;Sell at Close;147;10;EUR;FCEU0^0;;;;;;;;;;;
2000/09/19 15:29:59.999;CAC 40;SELL;6336.711861312986;1;63367.11861312986;0.0;Sell at Close;148;10;EUR;FCEU0^0;;;;;;;;;;;
2000/09/20 15:29:59.999;CAC 40;SELL;6237.875710114636;1;62378.75710114636;0.0;Sell at Close;149;10;EUR;FCEU0^0;;;;;;;;;;;
2000/09/21 15:29:59.999;CAC 40;SELL;6081.101125455182;1;60811.01125455182;0.0;Sell at Close;150;10;EUR;FCEU0^0;;;;;;;;;;;
2000/09/26 15:29:59.999;CAC 40;SELL;6127.354496705642;1;61273.54496705643;0.0;Sell at Close;151;10;EUR;FCEU0^0;;;;;;;;;;;
2000/09/28 15:29:59.999;CAC 40;SELL;6144.882090021606;1;61448.82090021606;0.0;Sell at Close;152;10;EUR;FCEU0^0;;;;;;;;;;;
2000/09/29 15:29:59.999;CAC 40;SELL;6135.144538179404;1;61351.44538179404;0.0;Sell at Close;153;10;EUR;FCEU0^0;;;;;;;;;;;
2000/10/04 15:29:59.999;CAC 40;SELL;6160.981857251593;1;61609.818572515935;0.0;Sell at Close;154;10;EUR;FCEV0^0;;;;;;;;;;;
2000/10/06 15:29:59.999;CAC 40;SELL;6098.582294209324;1;60985.82294209323;0.0;Sell at Close;155;10;EUR;FCEV0^0;;;;;;;;;;;
2000/10/09 15:29:59.999;CAC 40;SELL;5960.133263709288;1;59601.332637092884;0.0;Sell at Close;156;10;EUR;FCEV0^0;;;;;;;;;;;
2000/10/11 15:29:59.999;CAC 40;SELL;5835.334137624749;1;58353.34137624749;0.0;Sell at Close;157;10;EUR;FCEV0^0;;;;;;;;;;;
2000/10/12 15:29:59.999;CAC 40;SELL;5813.884287828969;1;58138.84287828969;0.0;Sell at Close;158;10;EUR;FCEV0^0;;;;;;;;;;;
2000/10/17 15:29:59.999;CAC 40;SELL;5939.658407086044;1;59396.58407086044;0.0;Sell at Close;159;10;EUR;FCEV0^0;;;;;;;;;;;
2000/10/18 15:29:59.999;CAC 40;SELL;5791.459444860653;1;57914.59444860653;0.0;Sell at Close;160;10;EUR;FCEV0^0;;;;;;;;;;;
2000/10/25 15:29:59.999;CAC 40;SELL;6125.882103040317;1;61258.82103040317;0.0;Sell at Close;161;10;EUR;FCEV0^0;;;;;;;;;;;
2000/10/26 15:29:59.999;CAC 40;SELL;6049.832635582551;1;60498.32635582551;0.0;Sell at Close;162;10;EUR;FCEV0^0;;;;;;;;;;;
2000/11/02 16:29:59.999;CAC 40;SELL;6230.7678351521245;1;62307.678351521245;0.0;Sell at Close;163;10;EUR;FCEX0^0;;;;;;;;;;;
2000/11/06 16:29:59.999;CAC 40;SELL;6184.160876123404;1;61841.608761234034;0.0;Sell at Close;164;10;EUR;FCEX0^0;;;;;;;;;;;
2000/11/08 16:29:59.999;CAC 40;SELL;6174.45109299242;1;61744.5109299242;0.0;Sell at Close;165;10;EUR;FCEX0^0;;;;;;;;;;;
2000/11/09 16:29:59.999;CAC 40;SELL;6113.2794592672235;1;61132.79459267223;0.0;Sell at Close;166;10;EUR;FCEX0^0;;;;;;;;;;;
2000/11/10 16:29:59.999;CAC 40;SELL;5989.965213503733;1;59899.65213503733;0.0;Sell at Close;167;10;EUR;FCEX0^0;;;;;;;;;;;
2000/11/13 16:29:59.999;CAC 40;SELL;5882.186620749816;1;58821.86620749816;0.0;Sell at Close;168;10;EUR;FCEX0^0;;;;;;;;;;;
2000/11/16 16:29:59.999;CAC 40;SELL;6107.939078545182;1;61079.390785451826;0.0;Sell at Close;169;10;EUR;FCEX0^0;;;;;;;;;;;
2000/11/17 16:29:59.999;CAC 40;SELL;5998.218529165069;1;59982.18529165069;0.0;Sell at Close;170;10;EUR;FCEX0^0;;;;;;;;;;;
2000/11/20 16:29:59.999;CAC 40;SELL;5853.057271356865;1;58530.572713568654;0.0;Sell at Close;171;10;EUR;FCEX0^0;;;;;;;;;;;
2000/11/22 16:29:59.999;CAC 40;SELL;5781.690365344137;1;57816.90365344137;0.0;Sell at Close;172;10;EUR;FCEX0^0;;;;;;;;;;;
2000/11/28 16:29:59.999;CAC 40;SELL;5886.07053400221;1;58860.7053400221;0.0;Sell at Close;173;10;EUR;FCEX0^0;;;;;;;;;;;
2000/11/30 16:29:59.999;CAC 40;SELL;5740.509918994594;1;57405.09918994594;0.0;Sell at Close;174;10;EUR;FCEZ0^0;;;;;;;;;;;
2000/12/04 16:29:59.999;CAC 40;SELL;5616.704481819985;1;56167.04481819985;0.0;Sell at Close;175;10;EUR;FCEZ0^0;;;;;;;;;;;
2000/12/06 16:29:59.999;CAC 40;SELL;5806.765172482568;1;58067.651724825686;0.0;Sell at Close;176;10;EUR;FCEZ0^0;;;;;;;;;;;
2000/12/08 16:29:59.999;CAC 40;SELL;5805.314327515679;1;58053.14327515679;0.0;Sell at Close;177;10;EUR;FCEZ0^0;;;;;;;;;;;
2000/12/12 16:29:59.999;CAC 40;SELL;5864.315356169203;1;58643.15356169203;0.0;Sell at Close;178;10;EUR;FCEZ0^0;;;;;;;;;;;
2000/12/13 16:29:59.999;CAC 40;SELL;5773.395738244099;1;57733.957382440996;0.0;Sell at Close;179;10;EUR;FCEZ0^0;;;;;;;;;;;
2000/12/14 16:29:59.999;CAC 40;SELL;5715.361939568501;1;57153.61939568501;0.0;Sell at Close;180;10;EUR;FCEZ0^0;;;;;;;;;;;
2000/12/15 16:29:59.999;CAC 40;SELL;5637.499926345407;1;56374.999263454076;0.0;Sell at Close;181;10;EUR;FCEZ0^0;;;;;;;;;;;
2000/12/20 16:29:59.999;CAC 40;SELL;5586.720352504259;1;55867.20352504258;0.0;Sell at Close;182;10;EUR;FCEZ0^0;;;;;;;;;;;
2000/12/21 16:29:59.999;CAC 40;SELL;5553.834533254753;1;55538.345332547535;0.0;Sell at Close;183;10;EUR;FCEZ0^0;;;;;;;;;;;
2001/01/02 16:29:59.999;CAC 40;SELL;5603.184011152683;1;56031.84011152683;0.0;Sell at Close;184;10;EUR;FCEF1^0;;;;;;;;;;;
2001/01/03 16:29:59.999;CAC 40;SELL;5466.403517842784;1;54664.03517842784;0.0;Sell at Close;185;10;EUR;FCEF1^0;;;;;;;;;;;
2001/01/05 16:29:59.999;CAC 40;SELL;5548.279165246597;1;55482.79165246597;0.0;Sell at Close;186;10;EUR;FCEF1^0;;;;;;;;;;;
2001/01/09 16:29:59.999;CAC 40;SELL;5473.146218217215;1;54731.46218217215;0.0;Sell at Close;187;10;EUR;FCEF1^0;;;;;;;;;;;
2001/01/10 16:29:59.999;CAC 40;SELL;5459.179196013036;1;54591.79196013036;0.0;Sell at Close;188;10;EUR;FCEF1^0;;;;;;;;;;;
2001/01/15 16:29:59.999;CAC 40;SELL;5629.673191195093;1;56296.73191195093;0.0;Sell at Close;189;10;EUR;FCEF1^0;;;;;;;;;;;
2001/01/16 16:29:59.999;CAC 40;SELL;5560.801323084826;1;55608.013230848264;0.0;Sell at Close;190;10;EUR;FCEF1^0;;;;;;;;;;;
2001/01/18 16:29:59.999;CAC 40;SELL;5663.868314522567;1;56638.68314522567;0.0;Sell at Close;191;10;EUR;FCEF1^0;;;;;;;;;;;
2001/01/19 16:29:59.999;CAC 40;SELL;5644.121834854589;1;56441.21834854589;0.0;Sell at Close;192;10;EUR;FCEF1^0;;;;;;;;;;;
2001/01/23 16:29:59.999;CAC 40;SELL;5628.70994828446;1;56287.0994828446;0.0;Sell at Close;193;10;EUR;FCEF1^0;;;;;;;;;;;
2001/01/26 16:29:59.999;CAC 40;SELL;5709.622352777639;1;57096.22352777639;0.0;Sell at Close;194;10;EUR;FCEF1^0;;;;;;;;;;;
2001/01/29 16:29:59.999;CAC 40;SELL;5675.908850905481;1;56759.08850905481;0.0;Sell at Close;195;10;EUR;FCEF1^0;;;;;;;;;;;
2001/02/01 16:29:59.999;CAC 40;SELL;5679.31773636806;1;56793.177363680596;0.0;Sell at Close;196;10;EUR;FCEG1^0;;;;;;;;;;;
2001/02/02 16:29:59.999;CAC 40;SELL;5608.770186321913;1;56087.701863219125;0.0;Sell at Close;197;10;EUR;FCEG1^0;;;;;;;;;;;
2001/02/07 16:29:59.999;CAC 40;SELL;5541.102128114384;1;55411.02128114384;0.0;Sell at Close;198;10;EUR;FCEG1^0;;;;;;;;;;;
2001/02/09 16:29:59.999;CAC 40;SELL;5490.231105632129;1;54902.31105632128;0.0;Sell at Close;199;10;EUR;FCEG1^0;;;;;;;;;;;
2001/02/13 16:29:59.999;CAC 40;SELL;5519.985854631183;1;55199.858546311836;0.0;Sell at Close;200;10;EUR;FCEG1^0;;;;;;;;;;;
2001/02/14 16:29:59.999;CAC 40;SELL;5418.243809666672;1;54182.43809666672;0.0;Sell at Close;201;10;EUR;FCEG1^0;;;;;;;;;;;
2001/02/16 16:29:59.999;CAC 40;SELL;5380.330500458199;1;53803.30500458199;0.0;Sell at Close;202;10;EUR;FCEG1^0;;;;;;;;;;;
2001/02/19 16:29:59.999;CAC 40;SELL;5370.252279023035;1;53702.52279023035;0.0;Sell at Close;203;10;EUR;FCEG1^0;;;;;;;;;;;
2001/02/20 16:29:59.999;CAC 40;SELL;5336.658207572488;1;53366.58207572488;0.0;Sell at Close;204;10;EUR;FCEG1^0;;;;;;;;;;;
2001/02/21 16:29:59.999;CAC 40;SELL;5264.1909963005955;1;52641.90996300596;0.0;Sell at Close;205;10;EUR;FCEG1^0;;;;;;;;;;;
2001/02/22 16:29:59.999;CAC 40;SELL;5218.59904218914;1;52185.9904218914;0.0;Sell at Close;206;10;EUR;FCEG1^0;;;;;;;;;;;
2001/02/23 16:29:59.999;CAC 40;SELL;5115.897166611756;1;51158.97166611756;0.0;Sell at Close;207;10;EUR;FCEG1^0;;;;;;;;;;;
2001/02/28 16:29:59.999;CAC 40;SELL;5152.112781479355;1;51521.12781479355;0.0;Sell at Close;208;10;EUR;FCEH1^0;;;;;;;;;;;
2001/03/01 16:29:59.999;CAC 40;SELL;5121.994649788421;1;51219.946497884215;0.0;Sell at Close;209;10;EUR;FCEH1^0;;;;;;;;;;;
2001/03/02 16:29:59.999;CAC 40;SELL;5068.451304560093;1;50684.513045600936;0.0;Sell at Close;210;10;EUR;FCEH1^0;;;;;;;;;;;
2001/03/08 16:29:59.999;CAC 40;SELL;5209.002585784453;1;52090.02585784453;0.0;Sell at Close;211;10;EUR;FCEH1^0;;;;;;;;;;;
2001/03/09 16:29:59.999;CAC 40;SELL;5129.643699106753;1;51296.43699106753;0.0;Sell at Close;212;10;EUR;FCEH1^0;;;;;;;;;;;
2001/03/12 16:29:59.999;CAC 40;SELL;5018.254418408536;1;50182.54418408536;0.0;Sell at Close;213;10;EUR;FCEH1^0;;;;;;;;;;;
2001/03/13 16:29:59.999;CAC 40;SELL;4969.013663421771;1;49690.136634217706;0.0;Sell at Close;214;10;EUR;FCEH1^0;;;;;;;;;;;
2001/03/14 16:29:59.999;CAC 40;SELL;4901.128350721569;1;49011.283507215696;0.0;Sell at Close;215;10;EUR;FCEH1^0;;;;;;;;;;;
2001/03/16 16:29:59.999;CAC 40;SELL;4887.742514414487;1;48877.42514414487;0.0;Sell at Close;216;10;EUR;FCEH1^0;;;;;;;;;;;
2001/03/19 16:29:59.999;CAC 40;SELL;4838.023693845325;1;48380.23693845325;0.0;Sell at Close;217;10;EUR;FCEH1^0;;;;;;;;;;;
2001/03/21 16:29:59.999;CAC 40;SELL;4810.295890066371;1;48102.95890066371;0.0;Sell at Close;218;10;EUR;FCEH1^0;;;;;;;;;;;
2001/03/22 16:29:59.999;CAC 40;SELL;4619.069657108057;1;46190.69657108057;0.0;Sell at Close;219;10;EUR;FCEH1^0;;;;;;;;;;;
2001/03/28 15:29:59.999;CAC 40;SELL;4916.426449358234;1;49164.26449358234;0.0;Sell at Close;220;10;EUR;FCEH1^0;;;;;;;;;;;
2001/03/30 15:29:59.999;CAC 40;SELL;4929.34617749343;1;49293.4617749343;0.0;Sell at Close;221;10;EUR;FCEJ1^0;;;;;;;;;;;
2001/04/03 15:29:59.999;CAC 40;SELL;4775.006386083703;1;47750.06386083703;0.0;Sell at Close;222;10;EUR;FCEJ1^0;;;;;;;;;;;
2001/04/06 15:29:59.999;CAC 40;SELL;4901.717449401566;1;49017.174494015664;0.0;Sell at Close;223;10;EUR;FCEJ1^0;;;;;;;;;;;
2001/04/17 15:29:59.999;CAC 40;SELL;5098.929405091774;1;50989.29405091774;0.0;Sell at Close;224;10;EUR;FCEJ1^0;;;;;;;;;;;
2001/04/19 15:29:59.999;CAC 40;SELL;5226.593183171427;1;52265.93183171427;0.0;Sell at Close;225;10;EUR;FCEJ1^0;;;;;;;;;;;
2001/04/20 15:29:59.999;CAC 40;SELL;5199.91716984135;1;51999.1716984135;0.0;Sell at Close;226;10;EUR;FCEJ1^0;;;;;;;;;;;
2001/04/23 15:29:59.999;CAC 40;SELL;5152.757789132822;1;51527.57789132822;0.0;Sell at Close;227;10;EUR;FCEJ1^0;;;;;;;;;;;
2001/04/25 15:29:59.999;CAC 40;SELL;5159.9031498462355;1;51599.031498462355;0.0;Sell at Close;228;10;EUR;FCEJ1^0;;;;;;;;;;;
2001/05/02 15:29:59.999;CAC 40;SELL;5312.297408250779;1;53122.97408250779;0.0;Sell at Close;229;10;EUR;FCEK1^0;;;;;;;;;;;
2001/05/03 15:29:59.999;CAC 40;SELL;5202.222777269007;1;52022.227772690065;0.0;Sell at Close;230;10;EUR;FCEK1^0;;;;;;;;;;;
2001/05/09 15:29:59.999;CAC 40;SELL;5244.338288253337;1;52443.38288253337;0.0;Sell at Close;231;10;EUR;FCEK1^0;;;;;;;;;;;
2001/05/11 15:29:59.999;CAC 40;SELL;5312.297408250779;1;53122.97408250779;0.0;Sell at Close;232;10;EUR;FCEK1^0;;;;;;;;;;;
2001/05/14 15:29:59.999;CAC 40;SELL;5248.166971070094;1;52481.669710700946;0.0;Sell at Close;233;10;EUR;FCEK1^0;;;;;;;;;;;
2001/05/16 15:29:59.999;CAC 40;SELL;5276.882092195774;1;52768.82092195774;0.0;Sell at Close;234;10;EUR;FCEK1^0;;;;;;;;;;;
2001/05/23 15:29:59.999;CAC 40;SELL;5384.085211064979;1;53840.852110649794;0.0;Sell at Close;235;10;EUR;FCEK1^0;;;;;;;;;;;
2001/05/25 15:29:59.999;CAC 40;SELL;5327.612139517809;1;53276.12139517809;0.0;Sell at Close;236;10;EUR;FCEK1^0;;;;;;;;;;;
2001/05/29 15:29:59.999;CAC 40;SELL;5318.040432475916;1;53180.404324759154;0.0;Sell at Close;237;10;EUR;FCEK1^0;;;;;;;;;;;
2001/05/30 15:29:59.999;CAC 40;SELL;5211.315898958805;1;52113.158989588046;0.0;Sell at Close;238;10;EUR;FCEK1^0;;;;;;;;;;;
2001/05/31 15:29:59.999;CAC 40;SELL;5204.121923394257;1;52041.21923394257;0.0;Sell at Close;239;10;EUR;FCEM1^0;;;;;;;;;;;
2001/06/01 15:29:59.999;CAC 40;SELL;5198.846341313588;1;51988.463413135876;0.0;Sell at Close;240;10;EUR;FCEM1^0;;;;;;;;;;;
2001/06/06 15:29:59.999;CAC 40;SELL;5265.990113249372;1;52659.901132493724;0.0;Sell at Close;241;10;EUR;FCEM1^0;;;;;;;;;;;
2001/06/07 15:29:59.999;CAC 40;SELL;5227.622243571781;1;52276.222435717806;0.0;Sell at Close;242;10;EUR;FCEM1^0;;;;;;;;;;;
2001/06/11 15:29:59.999;CAC 40;SELL;5204.121923394257;1;52041.21923394257;0.0;Sell at Close;243;10;EUR;FCEM1^0;;;;;;;;;;;
2001/06/12 15:29:59.999;CAC 40;SELL;5096.691888297001;1;50966.918882970014;0.0;Sell at Close;244;10;EUR;FCEM1^0;;;;;;;;;;;
2001/06/14 15:29:59.999;CAC 40;SELL;5090.457109474393;1;50904.57109474394;0.0;Sell at Close;245;10;EUR;FCEM1^0;;;;;;;;;;;
2001/06/15 15:29:59.999;CAC 40;SELL;5040.578878893524;1;50405.78878893524;0.0;Sell at Close;246;10;EUR;FCEM1^0;;;;;;;;;;;
2001/06/18 15:29:59.999;CAC 40;SELL;4954.251172118945;1;49542.51172118945;0.0;Sell at Close;247;10;EUR;FCEM1^0;;;;;;;;;;;
2001/06/20 15:29:59.999;CAC 40;SELL;4974.39430369968;1;49743.943036996796;0.0;Sell at Close;248;10;EUR;FCEM1^0;;;;;;;;;;;
2001/06/21 15:29:59.999;CAC 40;SELL;4938.904024247909;1;49389.04024247909;0.0;Sell at Close;249;10;EUR;FCEM1^0;;;;;;;;;;;
2001/06/26 15:29:59.999;CAC 40;SELL;4882.311416473462;1;48823.114164734616;0.0;Sell at Close;250;10;EUR;FCEM1^0;;;;;;;;;;;
2001/06/27 15:29:59.999;CAC 40;SELL;4855.933506070118;1;48559.33506070118;0.0;Sell at Close;251;10;EUR;FCEM1^0;;;;;;;;;;;
2001/07/03 15:29:59.999;CAC 40;SELL;4996.711583505104;1;49967.11583505104;0.0;Sell at Close;252;10;EUR;FCEN1^0;;;;;;;;;;;
2001/07/04 15:29:59.999;CAC 40;SELL;4963.718942427415;1;49637.18942427415;0.0;Sell at Close;253;10;EUR;FCEN1^0;;;;;;;;;;;
2001/07/05 15:29:59.999;CAC 40;SELL;4909.687515734967;1;49096.87515734967;0.0;Sell at Close;254;10;EUR;FCEN1^0;;;;;;;;;;;
2001/07/06 15:29:59.999;CAC 40;SELL;4791.105269542693;1;47911.05269542693;0.0;Sell at Close;255;10;EUR;FCEN1^0;;;;;;;;;;;
2001/07/10 15:29:59.999;CAC 40;SELL;4767.197558616831;1;47671.97558616831;0.0;Sell at Close;256;10;EUR;FCEN1^0;;;;;;;;;;;
2001/07/11 15:29:59.999;CAC 40;SELL;4708.8627439577285;1;47088.627439577285;0.0;Sell at Close;257;10;EUR;FCEN1^0;;;;;;;;;;;
2001/07/16 15:29:59.999;CAC 40;SELL;4812.1440551574515;1;48121.44055157452;0.0;Sell at Close;258;10;EUR;FCEN1^0;;;;;;;;;;;
2001/07/17 15:29:59.999;CAC 40;SELL;4769.1101754909005;1;47691.101754909;0.0;Sell at Close;259;10;EUR;FCEN1^0;;;;;;;;;;;
2001/07/18 15:29:59.999;CAC 40;SELL;4662.481784761557;1;46624.817847615566;0.0;Sell at Close;260;10;EUR;FCEN1^0;;;;;;;;;;;
2001/07/20 15:29:59.999;CAC 40;SELL;4674.4356402244875;1;46744.35640224488;0.0;Sell at Close;261;10;EUR;FCEN1^0;;;;;;;;;;;
2001/07/24 15:29:59.999;CAC 40;SELL;4644.790078676419;1;46447.90078676419;0.0;Sell at Close;262;10;EUR;FCEN1^0;;;;;;;;;;;
2001/07/25 15:29:59.999;CAC 40;SELL;4566.372786839593;1;45663.72786839593;0.0;Sell at Close;263;10;EUR;FCEN1^0;;;;;;;;;;;
2001/08/02 15:29:59.999;CAC 40;SELL;4861.671403536133;1;48616.71403536133;0.0;Sell at Close;264;10;EUR;FCEQ1^0;;;;;;;;;;;
2001/08/03 15:29:59.999;CAC 40;SELL;4813.09279037384;1;48130.927903738404;0.0;Sell at Close;265;10;EUR;FCEQ1^0;;;;;;;;;;;
2001/08/07 15:29:59.999;CAC 40;SELL;4831.190705081361;1;48311.90705081361;0.0;Sell at Close;266;10;EUR;FCEQ1^0;;;;;;;;;;;
2001/08/08 15:29:59.999;CAC 40;SELL;4764.514177211548;1;47645.14177211547;0.0;Sell at Close;267;10;EUR;FCEQ1^0;;;;;;;;;;;
2001/08/09 15:29:59.999;CAC 40;SELL;4665.451907233538;1;46654.51907233538;0.0;Sell at Close;268;10;EUR;FCEQ1^0;;;;;;;;;;;
2001/08/10 15:29:59.999;CAC 40;SELL;4625.44599051165;1;46254.4599051165;0.0;Sell at Close;269;10;EUR;FCEQ1^0;;;;;;;;;;;
2001/08/15 15:29:59.999;CAC 40;SELL;4703.552780302003;1;47035.52780302003;0.0;Sell at Close;270;10;EUR;FCEQ1^0;;;;;;;;;;;
2001/08/16 15:29:59.999;CAC 40;SELL;4659.736776273268;1;46597.36776273268;0.0;Sell at Close;271;10;EUR;FCEQ1^0;;;;;;;;;;;
2001/08/17 15:29:59.999;CAC 40;SELL;4555.911897161702;1;45559.11897161702;0.0;Sell at Close;272;10;EUR;FCEQ1^0;;;;;;;;;;;
2001/08/22 15:29:59.999;CAC 40;SELL;4584.4875519630505;1;45844.87551963051;0.0;Sell at Close;273;10;EUR;FCEQ1^0;;;;;;;;;;;
2001/08/27 15:29:59.999;CAC 40;SELL;4674.977125500654;1;46749.77125500655;0.0;Sell at Close;274;10;EUR;FCEQ1^0;;;;;;;;;;;
2001/08/28 15:29:59.999;CAC 40;SELL;4588.2976392698965;1;45882.97639269897;0.0;Sell at Close;275;10;EUR;FCEQ1^0;;;;;;;;;;;
2001/08/30 15:29:59.999;CAC 40;SELL;4477.328846457992;1;44773.28846457992;0.0;Sell at Close;276;10;EUR;FCEQ1^0;;;;;;;;;;;
2001/08/31 15:29:59.999;CAC 40;SELL;4460.239805059297;1;44602.39805059297;0.0;Sell at Close;277;10;EUR;FCEU1^0;;;;;;;;;;;
2001/09/03 15:29:59.999;CAC 40;SELL;4408.023289674397;1;44080.232896743975;0.0;Sell at Close;278;10;EUR;FCEU1^0;;;;;;;;;;;
2001/09/05 15:29:59.999;CAC 40;SELL;4350.110427156598;1;43501.104271565986;0.0;Sell at Close;279;10;EUR;FCEU1^0;;;;;;;;;;;
2001/09/06 15:29:59.999;CAC 40;SELL;4265.614611351942;1;42656.14611351942;0.0;Sell at Close;280;10;EUR;FCEU1^0;;;;;;;;;;;
2001/09/10 15:29:59.999;CAC 40;SELL;4144.519209487912;1;41445.19209487912;0.0;security stop;9;10;EUR;FCEU1^0;;;;;;;;;;;
2001/09/10 15:29:59.999;CAC 40;SELL;4075.748312901409;1;40757.48312901409;0.0;security stop;12;10;EUR;FCEU1^0;;;;;;;;;;;
2001/09/10 15:29:59.999;CAC 40;SELL;4103.577169568598;1;41035.77169568598;0.0;security stop;15;10;EUR;FCEU1^0;;;;;;;;;;;
2001/09/10 15:29:59.999;CAC 40;SELL;4146.02796787448;1;41460.2796787448;0.0;security stop;18;10;EUR;FCEU1^0;;;;;;;;;;;
2001/09/11 15:29:59.999;CAC 40;SELL;3824.302277569303;1;38243.02277569303;0.0;security stop;1;10;EUR;FCEU1^0;;;;;;;;;;;
2001/09/11 15:29:59.999;CAC 40;SELL;3940.9886659597046;1;39409.88665959705;0.0;security stop;6;10;EUR;FCEU1^0;;;;;;;;;;;
2001/11/06 16:29:59.999;CAC 40;SELL;4222.4381442868635;1;42224.38144286863;0.0;Sell at Close;281;10;EUR;FCEX1^0;;;;;;;;;;;
2001/11/09 16:29:59.999;CAC 40;SELL;4271.5143140461205;1;42715.14314046121;0.0;Sell at Close;282;10;EUR;FCEX1^0;;;;;;;;;;;
2001/11/16 16:29:59.999;CAC 40;SELL;4330.971981254451;1;43309.71981254451;0.0;Sell at Close;283;10;EUR;FCEX1^0;;;;;;;;;;;
2001/11/20 16:29:59.999;CAC 40;SELL;4336.634616226673;1;43366.346162266724;0.0;Sell at Close;284;10;EUR;FCEX1^0;;;;;;;;;;;
2001/11/21 16:29:59.999;CAC 40;SELL;4302.658806393341;1;43026.588063933414;0.0;Sell at Close;285;10;EUR;FCEX1^0;;;;;;;;;;;
2001/11/23 16:29:59.999;CAC 40;SELL;4321.534256300748;1;43215.34256300748;0.0;Sell at Close;286;10;EUR;FCEX1^0;;;;;;;;;;;
2001/11/26 16:29:59.999;CAC 40;SELL;4313.040303842415;1;43130.40303842415;0.0;Sell at Close;287;10;EUR;FCEX1^0;;;;;;;;;;;
2001/11/27 16:29:59.999;CAC 40;SELL;4232.819641735937;1;42328.196417359366;0.0;Sell at Close;288;10;EUR;FCEX1^0;;;;;;;;;;;
2001/12/07 16:29:59.999;CAC 40;SELL;4381.521769985728;1;43815.217699857276;0.0;Sell at Close;289;10;EUR;FCEZ1^0;;;;;;;;;;;
2001/12/10 16:29:59.999;CAC 40;SELL;4293.006178672885;1;42930.061786728846;0.0;Sell at Close;290;10;EUR;FCEZ1^0;;;;;;;;;;;
2001/12/11 16:29:59.999;CAC 40;SELL;4292.064523446153;1;42920.645234461525;0.0;Sell at Close;291;10;EUR;FCEZ1^0;;;;;;;;;;;
2001/12/12 16:29:59.999;CAC 40;SELL;4253.456659150125;1;42534.56659150125;0.0;Sell at Close;292;10;EUR;FCEZ1^0;;;;;;;;;;;
2001/12/18 16:29:59.999;CAC 40;SELL;4223.32369189469;1;42233.236918946895;0.0;Sell at Close;293;10;EUR;FCEZ1^0;;;;;;;;;;;
2001/12/19 16:29:59.999;CAC 40;SELL;4217.202932920929;1;42172.02932920929;0.0;Sell at Close;294;10;EUR;FCEZ1^0;;;;;;;;;;;
2001/12/24 16:29:59.999;CAC 40;SELL;4233.6818993887455;1;42336.81899388746;0.0;Sell at Close;295;10;EUR;FCEZ1^0;;;;;;;;;;;
2002/01/02 16:29:59.999;CAC 40;SELL;4311.865883637666;1;43118.658836376664;0.0;Sell at Close;296;10;EUR;FCEF2^0;;;;;;;;;;;
2002/01/07 16:29:59.999;CAC 40;SELL;4344.730715067832;1;43447.307150678316;0.0;Sell at Close;297;10;EUR;FCEF2^0;;;;;;;;;;;
2002/01/08 16:29:59.999;CAC 40;SELL;4292.146984779567;1;42921.46984779567;0.0;Sell at Close;298;10;EUR;FCEF2^0;;;;;;;;;;;
2002/01/10 16:29:59.999;CAC 40;SELL;4245.197225593617;1;42451.97225593617;0.0;Sell at Close;299;10;EUR;FCEF2^0;;;;;;;;;;;
2002/01/25 16:29:59.999;CAC 40;SELL;4213.740886939031;1;42137.40886939031;0.0;Sell at Close;300;10;EUR;FCEF2^0;;;;;;;;;;;
2002/03/05 16:29:59.999;CAC 40;SELL;4291.879916945104;1;42918.79916945104;0.0;Sell at Close;301;10;EUR;FCEH2^0;;;;;;;;;;;
2002/03/11 16:29:59.999;CAC 40;SELL;4296.55211367594;1;42965.5211367594;0.0;Sell at Close;302;10;EUR;FCEH2^0;;;;;;;;;;;
2002/03/12 16:29:59.999;CAC 40;SELL;4260.108979175426;1;42601.08979175426;0.0;Sell at Close;303;10;EUR;FCEH2^0;;;;;;;;;;;
2002/03/13 16:29:59.999;CAC 40;SELL;4233.944677482749;1;42339.44677482749;0.0;Sell at Close;304;10;EUR;FCEH2^0;;;;;;;;;;;
2002/03/20 16:29:59.999;CAC 40;SELL;4305.89650713761;1;43058.96507137609;0.0;Sell at Close;305;10;EUR;FCEH2^0;;;;;;;;;;;
2002/03/21 16:29:59.999;CAC 40;SELL;4285.338841521935;1;42853.38841521935;0.0;Sell at Close;306;10;EUR;FCEH2^0;;;;;;;;;;;
2002/03/25 16:29:59.999;CAC 40;SELL;4290.01103825277;1;42900.1103825277;0.0;Sell at Close;307;10;EUR;FCEH2^0;;;;;;;;;;;
2002/03/27 16:29:59.999;CAC 40;SELL;4309.634264522278;1;43096.34264522277;0.0;Sell at Close;308;10;EUR;FCEH2^0;;;;;;;;;;;
2002/04/02 15:29:59.999;CAC 40;SELL;4318.038751712028;1;43180.38751712028;0.0;Sell at Close;309;10;EUR;FCEJ2^0;;;;;;;;;;;
2002/04/04 15:29:59.999;CAC 40;SELL;4240.530703184325;1;42405.30703184325;0.0;Sell at Close;310;10;EUR;FCEJ2^0;;;;;;;;;;;
2002/04/05 15:29:59.999;CAC 40;SELL;4214.3834097051;1;42143.834097051;0.0;Sell at Close;311;10;EUR;FCEJ2^0;;;;;;;;;;;
2002/04/17 15:29:59.999;CAC 40;SELL;4290.0237944128585;1;42900.23794412859;0.0;Sell at Close;312;10;EUR;FCEJ2^0;;;;;;;;;;;
2002/04/18 15:29:59.999;CAC 40;SELL;4280.685475313136;1;42806.85475313135;0.0;Sell at Close;313;10;EUR;FCEJ2^0;;;;;;;;;;;
2002/04/22 15:29:59.999;CAC 40;SELL;4251.736686103994;1;42517.36686103993;0.0;Sell at Close;314;10;EUR;FCEJ2^0;;;;;;;;;;;
2002/04/24 15:29:59.999;CAC 40;SELL;4223.721728804823;1;42237.21728804823;0.0;Sell at Close;315;10;EUR;FCEJ2^0;;;;;;;;;;;
2005/08/03 15:29:59.999;CAC 40;SELL;4241.709165779839;1;42417.09165779839;0.0;Sell at Close;316;10;EUR;FCEQ5^0;;;;;;;;;;;
2005/08/11 15:29:59.999;CAC 40;SELL;4242.180519170858;1;42421.80519170858;0.0;Sell at Close;317;10;EUR;FCEQ5^0;;;;;;;;;;;
2005/08/12 15:29:59.999;CAC 40;SELL;4221.440969966023;1;42214.40969966023;0.0;Sell at Close;318;10;EUR;FCEQ5^0;;;;;;;;;;;
2005/08/22 15:29:59.999;CAC 40;SELL;4227.486755842105;1;42274.86755842104;0.0;Sell at Close;319;10;EUR;FCEU5^0;;;;;;;;;;;
2005/09/19 15:29:59.999;CAC 40;SELL;4242.487721360651;1;42424.877213606516;0.0;Sell at Close;320;10;EUR;FCEV5^0;;;;;;;;;;;
2005/09/27 15:29:59.999;CAC 40;SELL;4275.833966043105;1;42758.33966043105;0.0;Sell at Close;321;10;EUR;FCEV5^0;;;;;;;;;;;
2005/09/29 15:29:59.999;CAC 40;SELL;4307.7712144713705;1;43077.7121447137;0.0;Sell at Close;322;10;EUR;FCEV5^0;;;;;;;;;;;
2005/10/05 15:29:59.999;CAC 40;SELL;4317.634188250688;1;43176.34188250688;0.0;Sell at Close;323;10;EUR;FCEV5^0;;;;;;;;;;;
2005/10/06 15:29:59.999;CAC 40;SELL;4264.092330591537;1;42640.92330591536;0.0;Sell at Close;324;10;EUR;FCEV5^0;;;;;;;;;;;
2005/10/07 15:29:59.999;CAC 40;SELL;4253.759691394157;1;42537.59691394157;0.0;Sell at Close;325;10;EUR;FCEV5^0;;;;;;;;;;;
2005/10/12 15:29:59.999;CAC 40;SELL;4245.305713869027;1;42453.057138690274;0.0;Sell at Close;326;10;EUR;FCEV5^0;;;;;;;;;;;
2005/11/04 16:29:59.999;CAC 40;SELL;4221.209058007232;1;42212.09058007232;0.0;Sell at Close;327;10;EUR;FCEX5^0;;;;;;;;;;;
2005/11/15 16:29:59.999;CAC 40;SELL;4261.540574393036;1;42615.40574393036;0.0;Sell at Close;328;10;EUR;FCEX5^0;;;;;;;;;;;
2005/11/16 16:29:59.999;CAC 40;SELL;4236.216133871717;1;42362.16133871717;0.0;Sell at Close;329;10;EUR;FCEX5^0;;;;;;;;;;;
2005/11/22 16:29:59.999;CAC 40;SELL;4300.967883733026;1;43009.678837330255;0.0;Sell at Close;330;10;EUR;FCEZ5^0;;;;;;;;;;;
2005/11/24 16:29:59.999;CAC 40;SELL;4313.167879912064;1;43131.67879912064;0.0;Sell at Close;331;10;EUR;FCEZ5^0;;;;;;;;;;;
2005/11/28 16:29:59.999;CAC 40;SELL;4300.029422488485;1;43000.29422488485;0.0;Sell at Close;332;10;EUR;FCEZ5^0;;;;;;;;;;;
2005/11/30 16:29:59.999;CAC 40;SELL;4292.521732532154;1;42925.21732532154;0.0;Sell at Close;333;10;EUR;FCEZ5^0;;;;;;;;;;;
2005/12/05 16:29:59.999;CAC 40;SELL;4367.129401473191;1;43671.29401473191;0.0;Sell at Close;334;10;EUR;FCEZ5^0;;;;;;;;;;;
2005/12/07 16:29:59.999;CAC 40;SELL;4372.76016894044;1;43727.6016894044;0.0;Sell at Close;335;10;EUR;FCEZ5^0;;;;;;;;;;;
2005/12/09 16:29:59.999;CAC 40;SELL;4372.76016894044;1;43727.6016894044;0.0;Sell at Close;336;10;EUR;FCEZ5^0;;;;;;;;;;;
2005/12/14 16:29:59.999;CAC 40;SELL;4389.183240719914;1;43891.83240719914;0.0;Sell at Close;337;10;EUR;FCEZ5^0;;;;;;;;;;;
2005/12/15 16:29:59.999;CAC 40;SELL;4384.960165119477;1;43849.60165119477;0.0;Sell at Close;338;10;EUR;FCEZ5^0;;;;;;;;;;;
2005/12/19 16:29:59.999;CAC 40;SELL;4403.223027831958;1;44032.23027831958;0.0;Sell at Close;339;10;EUR;FCEF6^0;;;;;;;;;;;
2005/12/22 16:29:59.999;CAC 40;SELL;4459.4164515626635;1;44594.16451562663;0.0;Sell at Close;340;10;EUR;FCEF6^0;;;;;;;;;;;
2005/12/28 16:29:59.999;CAC 40;SELL;4461.75784421811;1;44617.578442181104;0.0;Sell at Close;341;10;EUR;FCEF6^0;;;;;;;;;;;
2005/12/30 16:29:59.999;CAC 40;SELL;4419.14449788899;1;44191.44497888991;0.0;Sell at Close;342;10;EUR;FCEF6^0;;;;;;;;;;;
2006/01/05 16:29:59.999;CAC 40;SELL;4531.531345350404;1;45315.313453504044;0.0;Sell at Close;343;10;EUR;FCEF6^0;;;;;;;;;;;
2006/01/10 16:29:59.999;CAC 40;SELL;4556.818386029222;1;45568.18386029222;0.0;Sell at Close;344;10;EUR;FCEF6^0;;;;;;;;;;;
2006/01/12 16:29:59.999;CAC 40;SELL;4578.827476990416;1;45788.27476990416;0.0;Sell at Close;345;10;EUR;FCEF6^0;;;;;;;;;;;
2006/01/13 16:29:59.999;CAC 40;SELL;4546.516258345259;1;45465.16258345259;0.0;Sell at Close;346;10;EUR;FCEF6^0;;;;;;;;;;;
2006/01/17 16:29:59.999;CAC 40;SELL;4505.7760261404965;1;45057.76026140497;0.0;Sell at Close;347;10;EUR;FCEF6^0;;;;;;;;;;;
2006/01/18 16:29:59.999;CAC 40;SELL;4471.591693370984;1;44715.91693370984;0.0;Sell at Close;348;10;EUR;FCEF6^0;;;;;;;;;;;
2006/01/20 16:29:59.999;CAC 40;SELL;4470.722809984146;1;44707.22809984146;0.0;Sell at Close;349;10;EUR;FCEG6^0;;;;;;;;;;;
2006/01/23 16:29:59.999;CAC 40;SELL;4449.21996083533;1;44492.1996083533;0.0;Sell at Close;350;10;EUR;FCEG6^0;;;;;;;;;;;
2006/01/24 16:29:59.999;CAC 40;SELL;4444.07797516931;1;44440.7797516931;0.0;Sell at Close;351;10;EUR;FCEG6^0;;;;;;;;;;;
2006/01/30 16:29:59.999;CAC 40;SELL;4620.775300783488;1;46207.75300783488;0.0;Sell at Close;352;10;EUR;FCEG6^0;;;;;;;;;;;
2006/02/02 16:29:59.999;CAC 40;SELL;4614.698408632737;1;46146.984086327364;0.0;Sell at Close;353;10;EUR;FCEG6^0;;;;;;;;;;;
2006/02/06 16:29:59.999;CAC 40;SELL;4616.100768359833;1;46161.00768359833;0.0;Sell at Close;354;10;EUR;FCEG6^0;;;;;;;;;;;
2006/02/08 16:29:59.999;CAC 40;SELL;4584.78140112134;1;45847.814011213406;0.0;Sell at Close;355;10;EUR;FCEG6^0;;;;;;;;;;;
2006/02/10 16:29:59.999;CAC 40;SELL;4596.935185422845;1;45969.35185422845;0.0;Sell at Close;356;10;EUR;FCEG6^0;;;;;;;;;;;
2006/02/15 16:29:59.999;CAC 40;SELL;4616.100768359833;1;46161.00768359833;0.0;Sell at Close;357;10;EUR;FCEG6^0;;;;;;;;;;;
2006/02/20 16:29:59.999;CAC 40;SELL;4653.955568185015;1;46539.55568185015;0.0;Sell at Close;358;10;EUR;FCEH6^0;;;;;;;;;;;
2006/02/23 16:29:59.999;CAC 40;SELL;4711.8092514386435;1;47118.09251438644;0.0;Sell at Close;359;10;EUR;FCEH6^0;;;;;;;;;;;
2006/02/28 16:29:59.999;CAC 40;SELL;4668.885550960145;1;46688.85550960145;0.0;Sell at Close;360;10;EUR;FCEH6^0;;;;;;;;;;;
2006/03/02 16:29:59.999;CAC 40;SELL;4675.883980385987;1;46758.839803859875;0.0;Sell at Close;361;10;EUR;FCEH6^0;;;;;;;;;;;
2006/03/03 16:29:59.999;CAC 40;SELL;4656.288377993629;1;46562.883779936295;0.0;Sell at Close;362;10;EUR;FCEH6^0;;;;;;;;;;;
2006/03/07 16:29:59.999;CAC 40;SELL;4661.887121534303;1;46618.87121534303;0.0;Sell at Close;363;10;EUR;FCEH6^0;;;;;;;;;;;
2006/03/08 16:29:59.999;CAC 40;SELL;4637.625899524717;1;46376.258995247175;0.0;Sell at Close;364;10;EUR;FCEH6^0;;;;;;;;;;;
2006/03/27 15:29:59.999;CAC 40;SELL;4814.382116205772;1;48143.82116205772;0.0;Sell at Close;365;10;EUR;FCEJ6^0;;;;;;;;;;;
2006/03/28 15:29:59.999;CAC 40;SELL;4803.678318364038;1;48036.78318364038;0.0;Sell at Close;366;10;EUR;FCEJ6^0;;;;;;;;;;;
2006/03/31 15:29:59.999;CAC 40;SELL;4856.731925057848;1;48567.319250578475;0.0;Sell at Close;367;10;EUR;FCEJ6^0;;;;;;;;;;;
2006/04/04 15:29:59.999;CAC 40;SELL;4856.26654254299;1;48562.66542542989;0.0;Sell at Close;368;10;EUR;FCEJ6^0;;;;;;;;;;;
2006/04/07 15:29:59.999;CAC 40;SELL;4819.966706384068;1;48199.66706384068;0.0;Sell at Close;369;10;EUR;FCEJ6^0;;;;;;;;;;;
2006/04/11 15:29:59.999;CAC 40;SELL;4765.051569630827;1;47650.51569630827;0.0;Sell at Close;370;10;EUR;FCEJ6^0;;;;;;;;;;;
2006/04/12 15:29:59.999;CAC 40;SELL;4740.386296343354;1;47403.86296343354;0.0;Sell at Close;371;10;EUR;FCEJ6^0;;;;;;;;;;;
2006/04/18 15:29:59.999;CAC 40;SELL;4745.970886521649;1;47459.70886521649;0.0;Sell at Close;372;10;EUR;FCEJ6^0;;;;;;;;;;;
2006/04/24 15:29:59.999;CAC 40;SELL;4861.090378278179;1;48610.90378278179;0.0;Sell at Close;373;10;EUR;FCEK6^0;;;;;;;;;;;
2006/04/27 15:29:59.999;CAC 40;SELL;4846.974347753704;1;48469.74347753704;0.0;Sell at Close;374;10;EUR;FCEK6^0;;;;;;;;;;;
2006/04/28 15:29:59.999;CAC 40;SELL;4826.741370668624;1;48267.41370668624;0.0;Sell at Close;375;10;EUR;FCEK6^0;;;;;;;;;;;
2006/05/03 15:29:59.999;CAC 40;SELL;4830.035111124334;1;48300.35111124335;0.0;Sell at Close;376;10;EUR;FCEK6^0;;;;;;;;;;;
2006/05/10 15:29:59.999;CAC 40;SELL;4943.433889670946;1;49434.33889670946;0.0;Sell at Close;377;10;EUR;FCEK6^0;;;;;;;;;;;
2006/05/11 15:29:59.999;CAC 40;SELL;4926.965187392393;1;49269.65187392393;0.0;Sell at Close;378;10;EUR;FCEK6^0;;;;;;;;;;;
2006/05/12 15:29:59.999;CAC 40;SELL;4835.210988983309;1;48352.10988983309;0.0;Sell at Close;379;10;EUR;FCEK6^0;;;;;;;;;;;
2006/05/15 15:29:59.999;CAC 40;SELL;4747.2210653807515;1;47472.21065380752;0.0;Sell at Close;380;10;EUR;FCEK6^0;;;;;;;;;;;
2006/05/17 15:29:59.999;CAC 40;SELL;4594.297401365612;1;45942.97401365612;0.0;Sell at Close;381;10;EUR;FCEK6^0;;;;;;;;;;;
2006/05/22 15:29:59.999;CAC 40;SELL;4532.823199072619;1;45328.23199072619;0.0;Sell at Close;382;10;EUR;FCEM6^0;;;;;;;;;;;
2006/05/24 15:29:59.999;CAC 40;SELL;4584.586187935784;1;45845.86187935784;0.0;Sell at Close;383;10;EUR;FCEM6^0;;;;;;;;;;;
2006/05/29 15:29:59.999;CAC 40;SELL;4732.7518074340205;1;47327.5180743402;0.0;Sell at Close;384;10;EUR;FCEM6^0;;;;;;;;;;;
2006/05/30 15:29:59.999;CAC 40;SELL;4613.07957630083;1;46130.7957630083;0.0;Sell at Close;385;10;EUR;FCEM6^0;;;;;;;;;;;
2006/06/05 15:29:59.999;CAC 40;SELL;4652.4954302058095;1;46524.9543020581;0.0;Sell at Close;386;10;EUR;FCEM6^0;;;;;;;;;;;
2006/06/06 15:29:59.999;CAC 40;SELL;4551.818791315983;1;45518.187913159825;0.0;Sell at Close;387;10;EUR;FCEM6^0;;;;;;;;;;;
2006/06/08 15:29:59.999;CAC 40;SELL;4451.142152426156;1;44511.42152426156;0.0;Sell at Close;388;10;EUR;FCEM6^0;;;;;;;;;;;
2006/06/12 15:29:59.999;CAC 40;SELL;4485.809108270295;1;44858.09108270295;0.0;Sell at Close;389;10;EUR;FCEM6^0;;;;;;;;;;;
2006/06/13 15:29:59.999;CAC 40;SELL;4389.881367441309;1;43898.81367441309;0.0;Sell at Close;390;10;EUR;FCEM6^0;;;;;;;;;;;
2006/06/14 15:29:59.999;CAC 40;SELL;4384.1826897682995;1;43841.82689768299;0.0;Sell at Close;391;10;EUR;FCEM6^0;;;;;;;;;;;
2006/06/16 15:29:59.999;CAC 40;SELL;4458.778922379083;1;44587.78922379083;0.0;Sell at Close;392;10;EUR;FCEN6^0;;;;;;;;;;;
2006/06/26 15:29:59.999;CAC 40;SELL;4563.596510066114;1;45635.96510066114;0.0;Sell at Close;393;10;EUR;FCEN6^0;;;;;;;;;;;
2006/06/27 15:29:59.999;CAC 40;SELL;4535.613534167766;1;45356.13534167766;0.0;Sell at Close;394;10;EUR;FCEN6^0;;;;;;;;;;;
2006/07/05 15:29:59.999;CAC 40;SELL;4675.528413659505;1;46755.284136595044;0.0;Sell at Close;395;10;EUR;FCEN6^0;;;;;;;;;;;
2006/07/07 15:29:59.999;CAC 40;SELL;4701.614238649489;1;47016.142386494896;0.0;Sell at Close;396;10;EUR;FCEN6^0;;;;;;;;;;;
2006/07/11 15:29:59.999;CAC 40;SELL;4666.991234571873;1;46669.91234571873;0.0;Sell at Close;397;10;EUR;FCEN6^0;;;;;;;;;;;
2006/07/13 15:29:59.999;CAC 40;SELL;4608.653844139724;1;46086.53844139724;0.0;Sell at Close;398;10;EUR;FCEN6^0;;;;;;;;;;;
2006/07/14 15:29:59.999;CAC 40;SELL;4536.5621096219475;1;45365.621096219475;0.0;Sell at Close;399;10;EUR;FCEN6^0;;;;;;;;;;;
2006/07/17 15:29:59.999;CAC 40;SELL;4509.527709177782;1;45095.27709177782;0.0;Sell at Close;400;10;EUR;FCEN6^0;;;;;;;;;;;
2006/07/18 15:29:59.999;CAC 40;SELL;4490.081912367065;1;44900.819123670655;0.0;Sell at Close;401;10;EUR;FCEN6^0;;;;;;;;;;;
2006/07/21 15:29:59.999;CAC 40;SELL;4571.2746203065235;1;45712.74620306524;0.0;Sell at Close;402;10;EUR;FCEQ6^0;;;;;;;;;;;
2006/07/31 15:29:59.999;CAC 40;SELL;4751.607570227499;1;47516.07570227499;0.0;Sell at Close;403;10;EUR;FCEQ6^0;;;;;;;;;;;
2006/08/01 15:29:59.999;CAC 40;SELL;4691.023272091318;1;46910.23272091318;0.0;Sell at Close;404;10;EUR;FCEQ6^0;;;;;;;;;;;
2006/08/03 15:29:59.999;CAC 40;SELL;4723.208680476165;1;47232.086804761646;0.0;Sell at Close;405;10;EUR;FCEQ6^0;;;;;;;;;;;
2006/08/07 15:29:59.999;CAC 40;SELL;4699.069624187529;1;46990.696241875296;0.0;Sell at Close;406;10;EUR;FCEQ6^0;;;;;;;;;;;
2006/08/10 15:29:59.999;CAC 40;SELL;4715.162328379953;1;47151.62328379953;0.0;Sell at Close;407;10;EUR;FCEQ6^0;;;;;;;;;;;
2006/08/18 15:29:59.999;CAC 40;SELL;4860.965460891574;1;48609.65460891574;0.0;Sell at Close;408;10;EUR;FCEU6^0;;;;;;;;;;;
2006/08/21 15:29:59.999;CAC 40;SELL;4830.262637554877;1;48302.626375548774;0.0;Sell at Close;409;10;EUR;FCEU6^0;;;;;;;;;;;
2006/08/23 15:29:59.999;CAC 40;SELL;4810.423890168088;1;48104.23890168088;0.0;Sell at Close;410;10;EUR;FCEU6^0;;;;;;;;;;;
2006/08/25 15:29:59.999;CAC 40;SELL;4832.152042067904;1;48321.520420679044;0.0;Sell at Close;411;10;EUR;FCEU6^0;;;;;;;;;;;
2006/08/31 15:29:59.999;CAC 40;SELL;4881.27655940662;1;48812.76559406621;0.0;Sell at Close;412;10;EUR;FCEU6^0;;;;;;;;;;;
2006/09/05 15:29:59.999;CAC 40;SELL;4890.723581971758;1;48907.23581971758;0.0;Sell at Close;413;10;EUR;FCEU6^0;;;;;;;;;;;
2006/09/06 15:29:59.999;CAC 40;SELL;4834.513797709189;1;48345.13797709189;0.0;Sell at Close;414;10;EUR;FCEU6^0;;;;;;;;;;;
2006/09/07 15:29:59.999;CAC 40;SELL;4783.972226985703;1;47839.722269857026;0.0;Sell at Close;415;10;EUR;FCEU6^0;;;;;;;;;;;
2006/09/11 15:29:59.999;CAC 40;SELL;4780.665769087905;1;47806.657690879045;0.0;Sell at Close;416;10;EUR;FCEU6^0;;;;;;;;;;;
2006/09/14 15:29:59.999;CAC 40;SELL;4842.071415761299;1;48420.714157612994;0.0;Sell at Close;417;10;EUR;FCEU6^0;;;;;;;;;;;
2006/09/19 15:29:59.999;CAC 40;SELL;4830.299385673385;1;48302.99385673385;0.0;Sell at Close;418;10;EUR;FCEV6^0;;;;;;;;;;;
2006/09/22 15:29:59.999;CAC 40;SELL;4854.314327052732;1;48543.14327052732;0.0;Sell at Close;419;10;EUR;FCEV6^0;;;;;;;;;;;
2006/10/02 15:29:59.999;CAC 40;SELL;4947.077924145504;1;49470.779241455035;0.0;Sell at Close;420;10;EUR;FCEV6^0;;;;;;;;;;;
2006/10/03 15:29:59.999;CAC 40;SELL;4923.062982766156;1;49230.629827661556;0.0;Sell at Close;421;10;EUR;FCEV6^0;;;;;;;;;;;
2006/10/06 15:29:59.999;CAC 40;SELL;4979.097845984633;1;49790.97845984633;0.0;Sell at Close;422;10;EUR;FCEV6^0;;;;;;;;;;;
2006/10/13 15:29:59.999;CAC 40;SELL;5044.0794520699255;1;50440.79452069926;0.0;Sell at Close;423;10;EUR;FCEV6^0;;;;;;;;;;;
2006/10/17 15:29:59.999;CAC 40;SELL;4992.753400886615;1;49927.53400886615;0.0;Sell at Close;424;10;EUR;FCEV6^0;;;;;;;;;;;
2006/10/19 15:29:59.999;CAC 40;SELL;5045.962976883991;1;50459.62976883991;0.0;Sell at Close;425;10;EUR;FCEV6^0;;;;;;;;;;;
2006/10/24 15:29:59.999;CAC 40;SELL;5085.891002673894;1;50858.910026738944;0.0;Sell at Close;426;10;EUR;FCEX6^0;;;;;;;;;;;
2006/10/27 15:29:59.999;CAC 40;SELL;5080.723846395201;1;50807.23846395201;0.0;Sell at Close;427;10;EUR;FCEX6^0;;;;;;;;;;;
2006/10/30 16:29:59.999;CAC 40;SELL;5047.372201323635;1;50473.72201323634;0.0;Sell at Close;428;10;EUR;FCEX6^0;;;;;;;;;;;
2006/10/31 16:29:59.999;CAC 40;SELL;5033.749698407079;1;50337.49698407079;0.0;Sell at Close;429;10;EUR;FCEX6^0;;;;;;;;;;;
2006/11/02 16:29:59.999;CAC 40;SELL;4994.761155576939;1;49947.61155576939;0.0;Sell at Close;430;10;EUR;FCEX6^0;;;;;;;;;;;
2006/11/08 16:29:59.999;CAC 40;SELL;5100.922730030094;1;51009.22730030093;0.0;Sell at Close;431;10;EUR;FCEX6^0;;;;;;;;;;;
2006/11/10 16:29:59.999;CAC 40;SELL;5108.4385937081925;1;51084.38593708193;0.0;Sell at Close;432;10;EUR;FCEX6^0;;;;;;;;;;;
2006/11/14 16:29:59.999;CAC 40;SELL;5134.27437510166;1;51342.7437510166;0.0;Sell at Close;433;10;EUR;FCEX6^0;;;;;;;;;;;
2006/11/17 16:29:59.999;CAC 40;SELL;5108.099653359212;1;51080.99653359212;0.0;Sell at Close;434;10;EUR;FCEZ6^0;;;;;;;;;;;
2006/11/22 16:29:59.999;CAC 40;SELL;5122.158643230843;1;51221.58643230843;0.0;Sell at Close;435;10;EUR;FCEZ6^0;;;;;;;;;;;
2006/11/23 16:29:59.999;CAC 40;SELL;5088.41706753893;1;50884.170675389294;0.0;Sell at Close;436;10;EUR;FCEZ6^0;;;;;;;;;;;
2006/11/24 16:29:59.999;CAC 40;SELL;5058.893188808504;1;50588.93188808505;0.0;Sell at Close;437;10;EUR;FCEZ6^0;;;;;;;;;;;
2006/11/27 16:29:59.999;CAC 40;SELL;4987.192340463187;1;49871.923404631874;0.0;Sell at Close;438;10;EUR;FCEZ6^0;;;;;;;;;;;
2006/11/28 16:29:59.999;CAC 40;SELL;4982.037377510256;1;49820.37377510256;0.0;Sell at Close;439;10;EUR;FCEZ6^0;;;;;;;;;;;
2006/11/30 16:29:59.999;CAC 40;SELL;4997.970899364771;1;49979.70899364771;0.0;Sell at Close;440;10;EUR;FCEZ6^0;;;;;;;;;;;
2006/12/01 16:29:59.999;CAC 40;SELL;4934.236811946711;1;49342.36811946711;0.0;Sell at Close;441;10;EUR;FCEZ6^0;;;;;;;;;;;
2006/12/06 16:29:59.999;CAC 40;SELL;5020.9339161551015;1;50209.33916155102;0.0;Sell at Close;442;10;EUR;FCEZ6^0;;;;;;;;;;;
2006/12/12 16:29:59.999;CAC 40;SELL;5088.41706753893;1;50884.170675389294;0.0;Sell at Close;443;10;EUR;FCEZ6^0;;;;;;;;;;;
2006/12/18 16:29:59.999;CAC 40;SELL;5181.617159441584;1;51816.171594415835;0.0;Sell at Close;444;10;EUR;FCEF7^0;;;;;;;;;;;
2006/12/19 16:29:59.999;CAC 40;SELL;5140.040894819306;1;51400.408948193064;0.0;Sell at Close;445;10;EUR;FCEF7^0;;;;;;;;;;;
2006/12/21 16:29:59.999;CAC 40;SELL;5162.931197813594;1;51629.31197813594;0.0;Sell at Close;446;10;EUR;FCEF7^0;;;;;;;;;;;
2006/12/22 16:29:59.999;CAC 40;SELL;5110.143356214523;1;51101.433562145234;0.0;Sell at Close;447;10;EUR;FCEF7^0;;;;;;;;;;;
2006/12/28 16:29:59.999;CAC 40;SELL;5182.551457522984;1;51825.514575229834;0.0;Sell at Close;448;10;EUR;FCEF7^0;;;;;;;;;;;
2007/01/03 16:29:59.999;CAC 40;SELL;5249.8209193837465;1;52498.209193837465;0.0;Sell at Close;449;10;EUR;FCEF7^0;;;;;;;;;;;
2007/01/04 16:29:59.999;CAC 40;SELL;5216.1861884533655;1;52161.86188453365;0.0;Sell at Close;450;10;EUR;FCEF7^0;;;;;;;;;;;
2007/01/05 16:29:59.999;CAC 40;SELL;5160.128303569396;1;51601.28303569396;0.0;Sell at Close;451;10;EUR;FCEF7^0;;;;;;;;;;;
2007/01/08 16:29:59.999;CAC 40;SELL;5159.194005487996;1;51591.94005487996;0.0;Sell at Close;452;10;EUR;FCEF7^0;;;;;;;;;;;
2007/01/10 16:29:59.999;CAC 40;SELL;5145.179534267004;1;51451.79534267004;0.0;Sell at Close;453;10;EUR;FCEF7^0;;;;;;;;;;;
2007/01/16 16:29:59.999;CAC 40;SELL;5227.397765430159;1;52273.97765430159;0.0;Sell at Close;454;10;EUR;FCEF7^0;;;;;;;;;;;
2007/01/17 16:29:59.999;CAC 40;SELL;5195.631630662576;1;51956.316306625755;0.0;Sell at Close;455;10;EUR;FCEF7^0;;;;;;;;;;;
2007/01/18 16:29:59.999;CAC 40;SELL;5187.69009697068;1;51876.9009697068;0.0;Sell at Close;456;10;EUR;FCEF7^0;;;;;;;;;;;
2007/01/22 16:29:59.999;CAC 40;SELL;5210.050830147278;1;52100.508301472786;0.0;Sell at Close;457;10;EUR;FCEG7^0;;;;;;;;;;;
2007/01/23 16:29:59.999;CAC 40;SELL;5200.2680093825165;1;52002.68009382517;0.0;Sell at Close;458;10;EUR;FCEG7^0;;;;;;;;;;;
2007/01/25 16:29:59.999;CAC 40;SELL;5235.206654970951;1;52352.0665497095;0.0;Sell at Close;459;10;EUR;FCEG7^0;;;;;;;;;;;
2007/01/26 16:29:59.999;CAC 40;SELL;5210.982527362969;1;52109.82527362969;0.0;Sell at Close;460;10;EUR;FCEG7^0;;;;;;;;;;;
2007/01/31 16:29:59.999;CAC 40;SELL;5231.479866108184;1;52314.79866108184;0.0;Sell at Close;461;10;EUR;FCEG7^0;;;;;;;;;;;
2007/02/06 16:29:59.999;CAC 40;SELL;5292.506033735983;1;52925.06033735983;0.0;Sell at Close;462;10;EUR;FCEG7^0;;;;;;;;;;;
2007/02/08 16:29:59.999;CAC 40;SELL;5282.723212971221;1;52827.23212971221;0.0;Sell at Close;463;10;EUR;FCEG7^0;;;;;;;;;;;
2007/02/12 16:29:59.999;CAC 40;SELL;5262.225874226006;1;52622.25874226006;0.0;Sell at Close;464;10;EUR;FCEG7^0;;;;;;;;;;;
2007/02/15 16:29:59.999;CAC 40;SELL;5329.773922363645;1;53297.739223636454;0.0;Sell at Close;465;10;EUR;FCEG7^0;;;;;;;;;;;
2007/02/16 16:29:59.999;CAC 40;SELL;5319.087425962777;1;53190.87425962777;0.0;Sell at Close;466;10;EUR;FCEH7^0;;;;;;;;;;;
2007/02/20 16:29:59.999;CAC 40;SELL;5321.41057735427;1;53214.105773542695;0.0;Sell at Close;467;10;EUR;FCEH7^0;;;;;;;;;;;
2007/02/21 16:29:59.999;CAC 40;SELL;5301.896105665727;1;53018.961056657274;0.0;Sell at Close;468;10;EUR;FCEH7^0;;;;;;;;;;;
2007/02/27 16:29:59.999;CAC 40;SELL;5198.74818388343;1;51987.4818388343;0.0;Sell at Close;469;10;EUR;FCEH7^0;;;;;;;;;;;
2007/02/28 16:29:59.999;CAC 40;SELL;5130.91216325183;1;51309.1216325183;0.0;Sell at Close;470;10;EUR;FCEH7^0;;;;;;;;;;;
2007/03/01 16:29:59.999;CAC 40;SELL;5076.550420690889;1;50765.50420690889;0.0;Sell at Close;471;10;EUR;FCEH7^0;;;;;;;;;;;
2007/03/02 16:29:59.999;CAC 40;SELL;5048.672603992971;1;50486.72603992971;0.0;Sell at Close;472;10;EUR;FCEH7^0;;;;;;;;;;;
2007/03/05 16:29:59.999;CAC 40;SELL;5011.50218172908;1;50115.0218172908;0.0;Sell at Close;473;10;EUR;FCEH7^0;;;;;;;;;;;
2007/03/12 16:29:59.999;CAC 40;SELL;5110.933061284988;1;51109.33061284988;0.0;Sell at Close;474;10;EUR;FCEH7^0;;;;;;;;;;;
2007/03/13 16:29:59.999;CAC 40;SELL;5049.601864549569;1;50496.018645495686;0.0;Sell at Close;475;10;EUR;FCEH7^0;;;;;;;;;;;
2007/03/14 16:29:59.999;CAC 40;SELL;4924.151689408936;1;49241.51689408936;0.0;Sell at Close;476;10;EUR;FCEH7^0;;;;;;;;;;;
2007/03/16 16:29:59.999;CAC 40;SELL;5003.153529605066;1;50031.53529605066;0.0;Sell at Close;477;10;EUR;FCEJ7^0;;;;;;;;;;;
2007/03/21 16:29:59.999;CAC 40;SELL;5110.569004236602;1;51105.690042366026;0.0;Sell at Close;478;10;EUR;FCEJ7^0;;;;;;;;;;;
2007/03/26 15:29:59.999;CAC 40;SELL;5179.092669087754;1;51790.92669087754;0.0;Sell at Close;479;10;EUR;FCEJ7^0;;;;;;;;;;;
2007/03/28 15:29:59.999;CAC 40;SELL;5153.627793636312;1;51536.27793636312;0.0;Sell at Close;480;10;EUR;FCEJ7^0;;;;;;;;;;;
2007/04/05 15:29:59.999;CAC 40;SELL;5322.158969351308;1;53221.58969351308;0.0;Sell at Close;481;10;EUR;FCEJ7^0;;;;;;;;;;;
2007/04/11 15:29:59.999;CAC 40;SELL;5330.492928589962;1;53304.92928589962;0.0;Sell at Close;482;10;EUR;FCEJ7^0;;;;;;;;;;;
2007/04/17 15:29:59.999;CAC 40;SELL;5425.407464363517;1;54254.07464363517;0.0;Sell at Close;483;10;EUR;FCEJ7^0;;;;;;;;;;;
2007/04/18 15:29:59.999;CAC 40;SELL;5405.961559473325;1;54059.61559473325;0.0;Sell at Close;484;10;EUR;FCEJ7^0;;;;;;;;;;;
2007/04/19 15:29:59.999;CAC 40;SELL;5399.479591176595;1;53994.79591176595;0.0;Sell at Close;485;10;EUR;FCEJ7^0;;;;;;;;;;;
2007/04/23 15:29:59.999;CAC 40;SELL;5481.106139937471;1;54811.06139937471;0.0;Sell at Close;486;10;EUR;FCEK7^0;;;;;;;;;;;
2007/04/24 15:29:59.999;CAC 40;SELL;5454.052769491009;1;54540.52769491009;0.0;Sell at Close;487;10;EUR;FCEK7^0;;;;;;;;;;;
2007/04/27 15:29:59.999;CAC 40;SELL;5494.632825160702;1;54946.32825160702;0.0;Sell at Close;488;10;EUR;FCEK7^0;;;;;;;;;;;
2007/05/08 15:29:59.999;CAC 40;SELL;5605.644931475494;1;56056.44931475494;0.0;Sell at Close;489;10;EUR;FCEK7^0;;;;;;;;;;;
2007/05/10 15:29:59.999;CAC 40;SELL;5586.054559772883;1;55860.54559772884;0.0;Sell at Close;490;10;EUR;FCEK7^0;;;;;;;;;;;
2007/05/14 15:29:59.999;CAC 40;SELL;5600.9805572605865;1;56009.80557260587;0.0;Sell at Close;491;10;EUR;FCEK7^0;;;;;;;;;;;
2007/05/16 15:29:59.999;CAC 40;SELL;5601.913432103568;1;56019.13432103568;0.0;Sell at Close;492;10;EUR;FCEK7^0;;;;;;;;;;;
2007/05/22 15:29:59.999;CAC 40;SELL;5701.758397106229;1;57017.58397106228;0.0;Sell at Close;493;10;EUR;FCEM7^0;;;;;;;;;;;
2007/05/24 15:29:59.999;CAC 40;SELL;5681.019588354251;1;56810.19588354251;0.0;Sell at Close;494;10;EUR;FCEM7^0;;;;;;;;;;;
2007/05/29 15:29:59.999;CAC 40;SELL;5692.331665855329;1;56923.316658553296;0.0;Sell at Close;495;10;EUR;FCEM7^0;;;;;;;;;;;
2007/05/30 15:29:59.999;CAC 40;SELL;5677.720232416436;1;56777.20232416436;0.0;Sell at Close;496;10;EUR;FCEM7^0;;;;;;;;;;;
2007/06/04 15:29:59.999;CAC 40;SELL;5757.376111486532;1;57573.76111486532;0.0;Sell at Close;497;10;EUR;FCEM7^0;;;;;;;;;;;
2007/06/05 15:29:59.999;CAC 40;SELL;5716.369830545122;1;57163.69830545122;0.0;Sell at Close;498;10;EUR;FCEM7^0;;;;;;;;;;;
2007/06/06 15:29:59.999;CAC 40;SELL;5622.573854598677;1;56225.738545986766;0.0;Sell at Close;499;10;EUR;FCEM7^0;;;;;;;;;;;
2007/06/07 15:29:59.999;CAC 40;SELL;5555.172726154749;1;55551.727261547494;0.0;Sell at Close;500;10;EUR;FCEM7^0;;;;;;;;;;;
2007/06/08 15:29:59.999;CAC 40;SELL;5551.40203365439;1;55514.0203365439;0.0;Sell at Close;501;10;EUR;FCEM7^0;;;;;;;;;;;
2007/06/12 15:29:59.999;CAC 40;SELL;5561.771438030379;1;55617.71438030379;0.0;Sell at Close;502;10;EUR;FCEM7^0;;;;;;;;;;;
2007/06/18 15:29:59.999;CAC 40;SELL;5739.367091373624;1;57393.67091373624;0.0;Sell at Close;503;10;EUR;FCEN7^0;;;;;;;;;;;
2007/06/19 15:29:59.999;CAC 40;SELL;5721.97364535996;1;57219.7364535996;0.0;Sell at Close;504;10;EUR;FCEN7^0;;;;;;;;;;;
2007/06/21 15:29:59.999;CAC 40;SELL;5682.955915113092;1;56829.55915113092;0.0;Sell at Close;505;10;EUR;FCEN7^0;;;;;;;;;;;
2007/06/22 15:29:59.999;CAC 40;SELL;5676.844704351534;1;56768.44704351534;0.0;Sell at Close;506;10;EUR;FCEN7^0;;;;;;;;;;;
2007/06/25 15:29:59.999;CAC 40;SELL;5656.630699524843;1;56566.30699524844;0.0;Sell at Close;507;10;EUR;FCEN7^0;;;;;;;;;;;
2007/06/26 15:29:59.999;CAC 40;SELL;5611.971851651922;1;56119.71851651922;0.0;Sell at Close;508;10;EUR;FCEN7^0;;;;;;;;;;;
2007/06/27 15:29:59.999;CAC 40;SELL;5592.698033096241;1;55926.980330962404;0.0;Sell at Close;509;10;EUR;FCEN7^0;;;;;;;;;;;
2007/07/02 15:29:59.999;CAC 40;SELL;5673.554052403003;1;56735.54052403003;0.0;Sell at Close;510;10;EUR;FCEN7^0;;;;;;;;;;;
2007/07/05 15:29:59.999;CAC 40;SELL;5705.520385617305;1;57055.203856173044;0.0;Sell at Close;511;10;EUR;FCEN7^0;;;;;;;;;;;
2007/07/10 15:29:59.999;CAC 40;SELL;5664.152189692914;1;56641.521896929145;0.0;Sell at Close;512;10;EUR;FCEN7^0;;;;;;;;;;;
2007/07/11 15:29:59.999;CAC 40;SELL;5647.228836814755;1;56472.28836814755;0.0;Sell at Close;513;10;EUR;FCEN7^0;;;;;;;;;;;
2007/07/17 15:29:59.999;CAC 40;SELL;5735.606346289588;1;57356.06346289588;0.0;Sell at Close;514;10;EUR;FCEN7^0;;;;;;;;;;;
2007/07/18 15:29:59.999;CAC 40;SELL;5637.826974104666;1;56378.269741046664;0.0;Sell at Close;515;10;EUR;FCEN7^0;;;;;;;;;;;
2007/07/20 15:29:59.999;CAC 40;SELL;5601.008162541271;1;56010.08162541271;0.0;Sell at Close;516;10;EUR;FCEQ7^0;;;;;;;;;;;
2007/07/24 15:29:59.999;CAC 40;SELL;5553.677019266784;1;55536.770192667835;0.0;Sell at Close;517;10;EUR;FCEQ7^0;;;;;;;;;;;
2007/07/25 15:29:59.999;CAC 40;SELL;5489.943994659554;1;54899.439946595536;0.0;Sell at Close;518;10;EUR;FCEQ7^0;;;;;;;;;;;
2007/07/26 15:29:59.999;CAC 40;SELL;5331.54868350335;1;53315.4868350335;0.0;Sell at Close;519;10;EUR;FCEQ7^0;;;;;;;;;;;
2007/07/27 15:29:59.999;CAC 40;SELL;5296.4017949331865;1;52964.017949331865;0.0;Sell at Close;520;10;EUR;FCEQ7^0;;;;;;;;;;;
2007/08/01 15:29:59.999;CAC 40;SELL;5306.242923732832;1;53062.429237328324;0.0;Sell at Close;521;10;EUR;FCEQ7^0;;;;;;;;;;;
2007/08/03 15:29:59.999;CAC 40;SELL;5253.756903468055;1;52537.56903468055;0.0;Sell at Close;522;10;EUR;FCEQ7^0;;;;;;;;;;;
2007/08/06 15:29:59.999;CAC 40;SELL;5191.429754403631;1;51914.29754403631;0.0;Sell at Close;523;10;EUR;FCEQ7^0;;;;;;;;;;;
2007/08/09 15:29:59.999;CAC 40;SELL;5276.719537333895;1;52767.195373338946;0.0;Sell at Close;524;10;EUR;FCEQ7^0;;;;;;;;;;;
2007/08/10 15:29:59.999;CAC 40;SELL;5114.575224730207;1;51145.75224730207;0.0;Sell at Close;525;10;EUR;FCEQ7^0;;;;;;;;;;;
2007/08/14 15:29:59.999;CAC 40;SELL;5137.069233415112;1;51370.692334151114;0.0;Sell at Close;526;10;EUR;FCEQ7^0;;;;;;;;;;;
2007/08/15 15:29:59.999;CAC 40;SELL;5098.641968578399;1;50986.41968578399;0.0;Sell at Close;527;10;EUR;FCEQ7^0;;;;;;;;;;;
2007/08/16 15:29:59.999;CAC 40;SELL;4936.966281155646;1;49369.66281155647;0.0;Sell at Close;528;10;EUR;FCEQ7^0;;;;;;;;;;;
2007/08/28 15:29:59.999;CAC 40;SELL;5120.906206902722;1;51209.06206902722;0.0;Sell at Close;529;10;EUR;FCEU7^0;;;;;;;;;;;
2007/09/03 15:29:59.999;CAC 40;SELL;5285.70517590962;1;52857.051759096204;0.0;Sell at Close;530;10;EUR;FCEU7^0;;;;;;;;;;;
2007/09/05 15:29:59.999;CAC 40;SELL;5190.00039220873;1;51900.0039220873;0.0;Sell at Close;531;10;EUR;FCEU7^0;;;;;;;;;;;
2007/09/07 15:29:59.999;CAC 40;SELL;5075.621504371082;1;50756.21504371082;0.0;Sell at Close;532;10;EUR;FCEU7^0;;;;;;;;;;;
2007/09/10 15:29:59.999;CAC 40;SELL;5031.270507046279;1;50312.70507046279;0.0;Sell at Close;533;10;EUR;FCEU7^0;;;;;;;;;;;
2007/09/14 15:29:59.999;CAC 40;SELL;5175.994814106161;1;51759.94814106161;0.0;Sell at Close;534;10;EUR;FCEU7^0;;;;;;;;;;;
2007/09/17 15:29:59.999;CAC 40;SELL;5081.690588215529;1;50816.90588215529;0.0;Sell at Close;535;10;EUR;FCEU7^0;;;;;;;;;;;
2007/09/20 15:29:59.999;CAC 40;SELL;5311.848921701082;1;53118.48921701082;0.0;Sell at Close;536;10;EUR;FCEU7^0;;;;;;;;;;;
2007/09/24 15:29:59.999;CAC 40;SELL;5316.969449099094;1;53169.69449099094;0.0;Sell at Close;537;10;EUR;FCEV7^0;;;;;;;;;;;
2007/09/25 15:29:59.999;CAC 40;SELL;5269.022692554076;1;52690.22692554076;0.0;Sell at Close;538;10;EUR;FCEV7^0;;;;;;;;;;;
2007/09/28 15:29:59.999;CAC 40;SELL;5331.865528802401;1;53318.65528802401;0.0;Sell at Close;539;10;EUR;FCEV7^0;;;;;;;;;;;
2007/10/04 15:29:59.999;CAC 40;SELL;5408.673439772577;1;54086.73439772577;0.0;Sell at Close;540;10;EUR;FCEV7^0;;;;;;;;;;;
2007/10/08 15:29:59.999;CAC 40;SELL;5432.414066799723;1;54324.14066799723;0.0;Sell at Close;541;10;EUR;FCEV7^0;;;;;;;;;;;
2007/10/10 15:29:59.999;CAC 40;SELL;5442.655121595746;1;54426.55121595746;0.0;Sell at Close;542;10;EUR;FCEV7^0;;;;;;;;;;;
2007/10/12 15:29:59.999;CAC 40;SELL;5444.5171315586595;1;54445.171315586595;0.0;Sell at Close;543;10;EUR;FCEV7^0;;;;;;;;;;;
2007/10/15 15:29:59.999;CAC 40;SELL;5408.673439772577;1;54086.73439772577;0.0;Sell at Close;544;10;EUR;FCEV7^0;;;;;;;;;;;
2007/10/16 15:29:59.999;CAC 40;SELL;5382.605300291791;1;53826.053002917906;0.0;Sell at Close;545;10;EUR;FCEV7^0;;;;;;;;;;;
2007/10/18 15:29:59.999;CAC 40;SELL;5369.105728060668;1;53691.057280606685;0.0;Sell at Close;546;10;EUR;FCEV7^0;;;;;;;;;;;
2007/10/19 15:29:59.999;CAC 40;SELL;5343.057913734116;1;53430.579137341156;0.0;Sell at Close;547;10;EUR;FCEX7^0;;;;;;;;;;;
2007/10/22 15:29:59.999;CAC 40;SELL;5270.496145253004;1;52704.96145253004;0.0;Sell at Close;548;10;EUR;FCEX7^0;;;;;;;;;;;
2007/10/24 15:29:59.999;CAC 40;SELL;5275.14754066846;1;52751.47540668461;0.0;Sell at Close;549;10;EUR;FCEX7^0;;;;;;;;;;;
2007/10/30 16:29:59.999;CAC 40;SELL;5397.944379636494;1;53979.44379636494;0.0;Sell at Close;550;10;EUR;FCEX7^0;;;;;;;;;;;
2007/11/01 16:29:59.999;CAC 40;SELL;5329.103727487748;1;53291.03727487748;0.0;Sell at Close;551;10;EUR;FCEX7^0;;;;;;;;;;;
2007/11/02 16:29:59.999;CAC 40;SELL;5320.266076198382;1;53202.66076198382;0.0;Sell at Close;552;10;EUR;FCEX7^0;;;;;;;;;;;
2007/11/05 16:29:59.999;CAC 40;SELL;5282.124633791644;1;52821.24633791644;0.0;Sell at Close;553;10;EUR;FCEX7^0;;;;;;;;;;;
2007/11/07 16:29:59.999;CAC 40;SELL;5279.798936083916;1;52797.98936083916;0.0;Sell at Close;554;10;EUR;FCEX7^0;;;;;;;;;;;
2007/11/08 16:29:59.999;CAC 40;SELL;5229.0987260554475;1;52290.98726055447;0.0;Sell at Close;555;10;EUR;FCEX7^0;;;;;;;;;;;
2007/11/09 16:29:59.999;CAC 40;SELL;5129.558864164693;1;51295.58864164693;0.0;Sell at Close;556;10;EUR;FCEX7^0;;;;;;;;;;;
2007/11/15 16:29:59.999;CAC 40;SELL;5161.653492531338;1;51616.53492531338;0.0;Sell at Close;557;10;EUR;FCEX7^0;;;;;;;;;;;
2007/11/16 16:29:59.999;CAC 40;SELL;5135.231018433961;1;51352.310184339614;0.0;Sell at Close;558;10;EUR;FCEZ7^0;;;;;;;;;;;
2007/11/19 16:29:59.999;CAC 40;SELL;5051.791626547509;1;50517.91626547508;0.0;Sell at Close;559;10;EUR;FCEZ7^0;;;;;;;;;;;
2007/11/21 16:29:59.999;CAC 40;SELL;5008.217721895695;1;50082.177218956946;0.0;Sell at Close;560;10;EUR;FCEZ7^0;;;;;;;;;;;
2007/11/26 16:29:59.999;CAC 40;SELL;5071.7243701648285;1;50717.24370164829;0.0;Sell at Close;561;10;EUR;FCEZ7^0;;;;;;;;;;;
2007/11/27 16:29:59.999;CAC 40;SELL;5048.083209130334;1;50480.83209130334;0.0;Sell at Close;562;10;EUR;FCEZ7^0;;;;;;;;;;;
2007/12/03 16:29:59.999;CAC 40;SELL;5229.79566257194;1;52297.956625719395;0.0;Sell at Close;563;10;EUR;FCEZ7^0;;;;;;;;;;;
2007/12/04 16:29:59.999;CAC 40;SELL;5152.382448988398;1;51523.824489883984;0.0;Sell at Close;564;10;EUR;FCEZ7^0;;;;;;;;;;;
2007/12/11 16:29:59.999;CAC 40;SELL;5316.016367521273;1;53160.16367521274;0.0;Sell at Close;565;10;EUR;FCEZ7^0;;;;;;;;;;;
2007/12/13 16:29:59.999;CAC 40;SELL;5188.539518805861;1;51885.39518805861;0.0;Sell at Close;566;10;EUR;FCEZ7^0;;;;;;;;;;;
2007/12/17 16:29:59.999;CAC 40;SELL;5118.54314005667;1;51185.431400566704;0.0;Sell at Close;567;10;EUR;FCEZ7^0;;;;;;;;;;;
2007/12/18 16:29:59.999;CAC 40;SELL;5112.51696175376;1;51125.169617537606;0.0;Sell at Close;568;10;EUR;FCEZ7^0;;;;;;;;;;;
2007/12/19 16:29:59.999;CAC 40;SELL;5099.0739486164985;1;50990.73948616498;0.0;Sell at Close;569;10;EUR;FCEZ7^0;;;;;;;;;;;
2007/12/28 16:29:59.999;CAC 40;SELL;5212.359610896886;1;52123.59610896886;0.0;Sell at Close;570;10;EUR;FCEF8^0;;;;;;;;;;;
2007/12/31 16:29:59.999;CAC 40;SELL;5196.180772090448;1;51961.80772090448;0.0;Sell at Close;571;10;EUR;FCEF8^0;;;;;;;;;;;
2008/01/02 16:29:59.999;CAC 40;SELL;5137.012447312619;1;51370.12447312619;0.0;Sell at Close;572;10;EUR;FCEF8^0;;;;;;;;;;;
2008/01/03 16:29:59.999;CAC 40;SELL;5134.701184625985;1;51347.01184625985;0.0;Sell at Close;573;10;EUR;FCEF8^0;;;;;;;;;;;
2008/01/04 16:29:59.999;CAC 40;SELL;5041.788424623301;1;50417.88424623301;0.0;Sell at Close;574;10;EUR;FCEF8^0;;;;;;;;;;;
2008/01/09 16:29:59.999;CAC 40;SELL;5026.534090891516;1;50265.34090891516;0.0;Sell at Close;575;10;EUR;FCEF8^0;;;;;;;;;;;
2008/01/10 16:29:59.999;CAC 40;SELL;4995.563170890621;1;49955.631708906214;0.0;Sell at Close;576;10;EUR;FCEF8^0;;;;;;;;;;;
2008/01/11 16:29:59.999;CAC 40;SELL;4969.214776262995;1;49692.147762629946;0.0;Sell at Close;577;10;EUR;FCEF8^0;;;;;;;;;;;
2008/01/15 16:29:59.999;CAC 40;SELL;4862.896692677833;1;48628.96692677833;0.0;Sell at Close;578;10;EUR;FCEF8^0;;;;;;;;;;;
2008/01/16 16:29:59.999;CAC 40;SELL;4830.539015064957;1;48305.390150649575;0.0;Sell at Close;579;10;EUR;FCEF8^0;;;;;;;;;;;
2008/01/17 16:29:59.999;CAC 40;SELL;4765.36140730188;1;47653.6140730188;0.0;Sell at Close;580;10;EUR;FCEF8^0;;;;;;;;;;;
2008/01/18 16:29:59.999;CAC 40;SELL;4704.5270063576;1;47045.270063576;0.0;Sell at Close;581;10;EUR;FCEG8^0;;;;;;;;;;;
2008/01/21 16:29:59.999;CAC 40;SELL;4385.607268073954;1;43856.07268073954;0.0;Sell at Close;582;10;EUR;FCEG8^0;;;;;;;;;;;
2008/01/23 16:29:59.999;CAC 40;SELL;4284.2165998334885;1;42842.16599833489;0.0;Sell at Close;583;10;EUR;FCEG8^0;;;;;;;;;;;
2008/01/25 16:29:59.999;CAC 40;SELL;4504.971736593411;1;45049.71736593411;0.0;Sell at Close;584;10;EUR;FCEG8^0;;;;;;;;;;;
2008/01/28 16:29:59.999;CAC 40;SELL;4477.319736164193;1;44773.197361641935;0.0;Sell at Close;585;10;EUR;FCEG8^0;;;;;;;;;;;
2008/01/30 16:29:59.999;CAC 40;SELL;4500.823936529028;1;45008.23936529028;0.0;Sell at Close;586;10;EUR;FCEG8^0;;;;;;;;;;;
2008/01/31 16:29:59.999;CAC 40;SELL;4497.597869812286;1;44975.97869812286;0.0;Sell at Close;587;10;EUR;FCEG8^0;;;;;;;;;;;
2008/02/04 16:29:59.999;CAC 40;SELL;4590.232071250167;1;45902.32071250167;0.0;Sell at Close;588;10;EUR;FCEG8^0;;;;;;;;;;;
2008/02/05 16:29:59.999;CAC 40;SELL;4408.650601764969;1;44086.50601764969;0.0;Sell at Close;589;10;EUR;FCEG8^0;;;;;;;;;;;
2008/02/07 16:29:59.999;CAC 40;SELL;4355.190067601815;1;43551.90067601815;0.0;Sell at Close;590;10;EUR;FCEG8^0;;;;;;;;;;;
2008/02/08 16:29:59.999;CAC 40;SELL;4343.207534082487;1;43432.07534082487;0.0;Sell at Close;591;10;EUR;FCEG8^0;;;;;;;;;;;
2008/02/11 16:29:59.999;CAC 40;SELL;4315.555533653269;1;43155.55533653269;0.0;Sell at Close;592;10;EUR;FCEG8^0;;;;;;;;;;;
2008/02/15 16:29:59.999;CAC 40;SELL;4397.871019592382;1;43978.71019592382;0.0;Sell at Close;593;10;EUR;FCEH8^0;;;;;;;;;;;
2008/02/20 16:29:59.999;CAC 40;SELL;4434.6117966984175;1;44346.11796698417;0.0;Sell at Close;594;10;EUR;FCEH8^0;;;;;;;;;;;
2008/02/22 16:29:59.999;CAC 40;SELL;4441.959952119624;1;44419.59952119624;0.0;Sell at Close;595;10;EUR;FCEH8^0;;;;;;;;;;;
2008/02/27 16:29:59.999;CAC 40;SELL;4573.767489987525;1;45737.674899875245;0.0;Sell at Close;596;10;EUR;FCEH8^0;;;;;;;;;;;
2008/02/28 16:29:59.999;CAC 40;SELL;4480.5377680809615;1;44805.377680809615;0.0;Sell at Close;597;10;EUR;FCEH8^0;;;;;;;;;;;
2008/02/29 16:29:59.999;CAC 40;SELL;4406.596954155066;1;44065.96954155066;0.0;Sell at Close;598;10;EUR;FCEH8^0;;;;;;;;;;;
2008/03/03 16:29:59.999;CAC 40;SELL;4365.263579910777;1;43652.63579910777;0.0;Sell at Close;599;10;EUR;FCEH8^0;;;;;;;;;;;
2008/03/04 16:29:59.999;CAC 40;SELL;4306.019076827295;1;43060.19076827295;0.0;Sell at Close;600;10;EUR;FCEH8^0;;;;;;;;;;;
2008/03/06 16:29:59.999;CAC 40;SELL;4301.426479689041;1;43014.26479689041;0.0;Sell at Close;601;10;EUR;FCEH8^0;;;;;;;;;;;
2008/03/07 16:29:59.999;CAC 40;SELL;4245.396794602338;1;42453.967946023375;0.0;Sell at Close;602;10;EUR;FCEH8^0;;;;;;;;;;;
2008/03/13 16:29:59.999;CAC 40;SELL;4254.122729165021;1;42541.22729165021;0.0;Sell at Close;603;10;EUR;FCEH8^0;;;;;;;;;;;
2008/03/14 16:29:59.999;CAC 40;SELL;4221.056029769589;1;42210.56029769589;0.0;Sell at Close;604;10;EUR;FCEH8^0;;;;;;;;;;;
2008/03/26 16:29:59.999;CAC 40;SELL;4294.7933430052935;1;42947.93343005294;0.0;Sell at Close;605;10;EUR;FCEJ8^0;;;;;;;;;;;
2008/03/28 16:29:59.999;CAC 40;SELL;4308.545483072553;1;43085.45483072553;0.0;Sell at Close;606;10;EUR;FCEJ8^0;;;;;;;;;;;
2008/04/03 15:29:59.999;CAC 40;SELL;4487.781708615842;1;44877.81708615842;0.0;Sell at Close;607;10;EUR;FCEJ8^0;;;;;;;;;;;
2008/04/08 15:29:59.999;CAC 40;SELL;4503.825872027645;1;45038.258720276455;0.0;Sell at Close;608;10;EUR;FCEJ8^0;;;;;;;;;;;
2008/04/09 15:29:59.999;CAC 40;SELL;4470.820735866221;1;44708.207358662214;0.0;Sell at Close;609;10;EUR;FCEJ8^0;;;;;;;;;;;
2008/04/10 15:29:59.999;CAC 40;SELL;4456.610191130052;1;44566.10191130052;0.0;Sell at Close;610;10;EUR;FCEJ8^0;;;;;;;;;;;
2008/04/11 15:29:59.999;CAC 40;SELL;4401.143226192104;1;44011.432261921036;0.0;Sell at Close;611;10;EUR;FCEJ8^0;;;;;;;;;;;
2008/04/14 15:29:59.999;CAC 40;SELL;4369.054899368497;1;43690.54899368497;0.0;Sell at Close;612;10;EUR;FCEJ8^0;;;;;;;;;;;
2008/04/21 15:29:59.999;CAC 40;SELL;4501.972446918456;1;45019.724469184555;0.0;Sell at Close;613;10;EUR;FCEK8^0;;;;;;;;;;;
2008/04/22 15:29:59.999;CAC 40;SELL;4466.330674513281;1;44663.30674513281;0.0;Sell at Close;614;10;EUR;FCEK8^0;;;;;;;;;;;
2008/04/24 15:29:59.999;CAC 40;SELL;4527.8937359404;1;45278.937359404;0.0;Sell at Close;615;10;EUR;FCEK8^0;;;;;;;;;;;
2008/04/29 15:29:59.999;CAC 40;SELL;4579.273433823183;1;45792.73433823183;0.0;Sell at Close;616;10;EUR;FCEK8^0;;;;;;;;;;;
2008/05/05 15:29:59.999;CAC 40;SELL;4656.111540566804;1;46561.11540566804;0.0;Sell at Close;617;10;EUR;FCEK8^0;;;;;;;;;;;
2008/05/06 15:29:59.999;CAC 40;SELL;4635.744813478133;1;46357.448134781334;0.0;Sell at Close;618;10;EUR;FCEK8^0;;;;;;;;;;;
2008/05/08 15:29:59.999;CAC 40;SELL;4646.391057183575;1;46463.910571835746;0.0;Sell at Close;619;10;EUR;FCEK8^0;;;;;;;;;;;
2008/05/09 15:29:59.999;CAC 40;SELL;4578.810553662077;1;45788.10553662077;0.0;Sell at Close;620;10;EUR;FCEK8^0;;;;;;;;;;;
2008/05/20 15:29:59.999;CAC 40;SELL;4695.752471319673;1;46957.524713196726;0.0;Sell at Close;621;10;EUR;FCEM8^0;;;;;;;;;;;
2008/05/21 15:29:59.999;CAC 40;SELL;4669.9979453999895;1;46699.9794539999;0.0;Sell at Close;622;10;EUR;FCEM8^0;;;;;;;;;;;
2008/05/23 15:29:59.999;CAC 40;SELL;4592.266103533309;1;45922.66103533309;0.0;Sell at Close;623;10;EUR;FCEM8^0;;;;;;;;;;;
2008/05/27 15:29:59.999;CAC 40;SELL;4584.305613703589;1;45843.05613703589;0.0;Sell at Close;624;10;EUR;FCEM8^0;;;;;;;;;;;
2008/06/02 15:29:59.999;CAC 40;SELL;4623.171534636929;1;46231.715346369296;0.0;Sell at Close;625;10;EUR;FCEM8^0;;;;;;;;;;;
2008/06/04 15:29:59.999;CAC 40;SELL;4603.9727062240745;1;46039.727062240745;0.0;Sell at Close;626;10;EUR;FCEM8^0;;;;;;;;;;;
2008/06/05 15:29:59.999;CAC 40;SELL;4596.480480501985;1;45964.80480501985;0.0;Sell at Close;627;10;EUR;FCEM8^0;;;;;;;;;;;
2008/06/06 15:29:59.999;CAC 40;SELL;4492.0575845003605;1;44920.57584500361;0.0;Sell at Close;628;10;EUR;FCEM8^0;;;;;;;;;;;
2008/06/10 15:29:59.999;CAC 40;SELL;4455.532984105173;1;44555.32984105173;0.0;Sell at Close;629;10;EUR;FCEM8^0;;;;;;;;;;;
2008/06/11 15:29:59.999;CAC 40;SELL;4365.626275440099;1;43656.26275440099;0.0;Sell at Close;630;10;EUR;FCEM8^0;;;;;;;;;;;
2008/06/16 15:29:59.999;CAC 40;SELL;4366.094539547729;1;43660.94539547729;0.0;Sell at Close;631;10;EUR;FCEM8^0;;;;;;;;;;;
2008/06/18 15:29:59.999;CAC 40;SELL;4326.292090399128;1;43262.92090399128;0.0;Sell at Close;632;10;EUR;FCEM8^0;;;;;;;;;;;
2008/06/19 15:29:59.999;CAC 40;SELL;4300.537564479445;1;43005.37564479445;0.0;Sell at Close;633;10;EUR;FCEM8^0;;;;;;;;;;;
2008/06/20 15:29:59.999;CAC 40;SELL;4222.057191805911;1;42220.57191805911;0.0;Sell at Close;634;10;EUR;FCEN8^0;;;;;;;;;;;
